notice, noticeType, noticeCode, publicationDate, companyNumber, companyName
https://www.thegazette.co.uk/id/notice/3049104, https://www.thegazette.co.uk/def/insolvency#WindingUpOrdersNotice,2452,2018-06-20T08:31:31,00247624,CARILLION CAPITAL PROJECTS LIMITED
https://www.thegazette.co.uk/id/notice/3049104, https://www.thegazette.co.uk/def/insolvency#WindingUpOrdersNotice,2452,2018-06-20T08:31:31,00247624,CARILLION CAPITAL PROJECTS LIMITED
https://www.thegazette.co.uk/id/notice/3030127, https://www.thegazette.co.uk/def/insolvency#PetitionsToWindUpCompaniesNotice,2450,2018-05-17T17:00:46,00247624,CARILLION CAPITAL PROJECTS LIMITED
https://www.thegazette.co.uk/id/notice/3030127, https://www.thegazette.co.uk/def/insolvency#PetitionsToWindUpCompaniesNotice,2450,2018-05-17T17:00:46,00247624,CARILLION CAPITAL PROJECTS LIMITED
https://www.thegazette.co.uk/id/notice/3086762, https://www.thegazette.co.uk/def/insolvency#WindingUpOrdersNotice,2452,2018-08-15T10:22:47,00398443,CARILLION MENA LIMITED
https://www.thegazette.co.uk/id/notice/3086762, https://www.thegazette.co.uk/def/insolvency#WindingUpOrdersNotice,2452,2018-08-15T10:22:47,00398443,CARILLION MENA LIMITED
https://www.thegazette.co.uk/id/notice/3065188, https://www.thegazette.co.uk/def/insolvency#PetitionsToWindUpCompaniesNotice,2450,2018-07-10T18:00:09,00398443,CARILLION MENA LIMITED
https://www.thegazette.co.uk/id/notice/3065188, https://www.thegazette.co.uk/def/insolvency#PetitionsToWindUpCompaniesNotice,2450,2018-07-10T18:00:09,00398443,CARILLION MENA LIMITED
https://www.thegazette.co.uk/id/notice/2957270, https://www.thegazette.co.uk/def/insolvency#WindingUpOrdersNotice,2452,2018-02-01T12:24:31,00537677,CARILLION FLEET MANAGEMENT LIMITED
https://www.thegazette.co.uk/id/notice/2957270, https://www.thegazette.co.uk/def/insolvency#WindingUpOrdersNotice,2452,2018-02-01T12:24:31,00537677,CARILLION FLEET MANAGEMENT LIMITED
https://www.thegazette.co.uk/id/notice/3561672, https://www.thegazette.co.uk/def/insolvency#CreditorsNoticeToCreditors,2446,2020-05-12T01:02:32,01141203,EASTBOURNE HARBOUR COMPANY LIMITED
https://www.thegazette.co.uk/id/notice/3561672, https://www.thegazette.co.uk/def/insolvency#CreditorsNoticeToCreditors,2446,2020-05-12T01:02:32,01141203,EASTBOURNE HARBOUR COMPANY LIMITED
https://www.thegazette.co.uk/id/notice/3561548, https://www.thegazette.co.uk/def/insolvency#NoticeOfIntendedDividends,2406,2020-05-12T01:00:48,01141203,EASTBOURNE HARBOUR COMPANY LIMITED
https://www.thegazette.co.uk/id/notice/3561548, https://www.thegazette.co.uk/def/insolvency#NoticeOfIntendedDividends,2406,2020-05-12T01:00:48,01141203,EASTBOURNE HARBOUR COMPANY LIMITED
https://www.thegazette.co.uk/id/notice/3350967, https://www.thegazette.co.uk/def/insolvency#CreditorsResolutionsForWindingUpNotice,2441,2019-07-23T01:02:19,01141203,EASTBOURNE HARBOUR COMPANY LIMITED
https://www.thegazette.co.uk/id/notice/3350967, https://www.thegazette.co.uk/def/insolvency#CreditorsResolutionsForWindingUpNotice,2441,2019-07-23T01:02:19,01141203,EASTBOURNE HARBOUR COMPANY LIMITED
https://www.thegazette.co.uk/id/notice/3350954, https://www.thegazette.co.uk/def/insolvency#CreditorsAppointmentOfLiquidatorsNotice,2443,2019-07-23T01:02:04,01141203,EASTBOURNE HARBOUR COMPANY LIMITED
https://www.thegazette.co.uk/id/notice/3350954, https://www.thegazette.co.uk/def/insolvency#CreditorsAppointmentOfLiquidatorsNotice,2443,2019-07-23T01:02:04,01141203,EASTBOURNE HARBOUR COMPANY LIMITED
https://www.thegazette.co.uk/id/notice/3061730, https://www.thegazette.co.uk/def/insolvency#WindingUpOrdersNotice,2452,2018-07-10T08:32:50,02023634,E.J. HORROCKS LIMITED
https://www.thegazette.co.uk/id/notice/3061730, https://www.thegazette.co.uk/def/insolvency#WindingUpOrdersNotice,2452,2018-07-10T08:32:50,02023634,E.J. HORROCKS LIMITED
https://www.thegazette.co.uk/id/notice/3044768, https://www.thegazette.co.uk/def/insolvency#PetitionsToWindUpCompaniesNotice,2450,2018-06-08T12:51:25,02023634,E.J. HORROCKS LIMITED
https://www.thegazette.co.uk/id/notice/3044768, https://www.thegazette.co.uk/def/insolvency#PetitionsToWindUpCompaniesNotice,2450,2018-06-08T12:51:25,02023634,E.J. HORROCKS LIMITED
https://www.thegazette.co.uk/id/notice/3239884, https://www.thegazette.co.uk/def/insolvency#WindingUpOrdersNotice,2452,2019-03-27T09:01:33,02630590,CARILLION REGENERATION LIMITED
https://www.thegazette.co.uk/id/notice/3239884, https://www.thegazette.co.uk/def/insolvency#WindingUpOrdersNotice,2452,2019-03-27T09:01:33,02630590,CARILLION REGENERATION  LIMITED
https://www.thegazette.co.uk/id/notice/3239884, https://www.thegazette.co.uk/def/insolvency#WindingUpOrdersNotice,2452,2019-03-27T09:01:33,02630590,CARILLION REGENERATION LIMITED
https://www.thegazette.co.uk/id/notice/3223983, https://www.thegazette.co.uk/def/insolvency#PetitionsToWindUpCompaniesNotice,2450,2019-03-05T14:50:20,02630590,CARILLION REGENERATION LIMITED
https://www.thegazette.co.uk/id/notice/3223983, https://www.thegazette.co.uk/def/insolvency#PetitionsToWindUpCompaniesNotice,2450,2019-03-05T14:50:20,02630590,CARILLION REGENERATION  LIMITED
https://www.thegazette.co.uk/id/notice/3223983, https://www.thegazette.co.uk/def/insolvency#PetitionsToWindUpCompaniesNotice,2450,2019-03-05T14:50:20,02630590,CARILLION REGENERATION LIMITED
https://www.thegazette.co.uk/id/notice/2957278, https://www.thegazette.co.uk/def/insolvency#WindingUpOrdersNotice,2452,2018-02-01T12:25:49,02840336,EVERPRIME LIMITED
https://www.thegazette.co.uk/id/notice/2957278, https://www.thegazette.co.uk/def/insolvency#WindingUpOrdersNotice,2452,2018-02-01T12:25:49,02840336,EVERPRIME LIMITED
https://www.thegazette.co.uk/id/notice/3061724, https://www.thegazette.co.uk/def/insolvency#WindingUpOrdersNotice,2452,2018-07-10T08:32:18,02995364,CENTRAC LIMITED
https://www.thegazette.co.uk/id/notice/3061724, https://www.thegazette.co.uk/def/insolvency#WindingUpOrdersNotice,2452,2018-07-10T08:32:18,02995364,CENTRAC LIMITED
https://www.thegazette.co.uk/id/notice/3395688, https://www.thegazette.co.uk/def/insolvency#WindingUpOrdersNotice,2452,2019-10-02T08:51:54,02997859,CARILLION PRIVATE FINANCE LIMITED
https://www.thegazette.co.uk/id/notice/3395688, https://www.thegazette.co.uk/def/insolvency#WindingUpOrdersNotice,2452,2019-10-02T08:51:54,02997859,CARILLION PRIVATE FINANCE LIMITED
https://www.thegazette.co.uk/id/notice/3378668, https://www.thegazette.co.uk/def/insolvency#PetitionsToWindUpCompaniesNotice,2450,2019-09-03T14:20:16,02997859,CARILLION PRIVATE FINANCE LIMITED
https://www.thegazette.co.uk/id/notice/3378668, https://www.thegazette.co.uk/def/insolvency#PetitionsToWindUpCompaniesNotice,2450,2019-09-03T14:20:16,02997859,CARILLION PRIVATE FINANCE LIMITED
https://www.thegazette.co.uk/id/notice/3649750, https://www.thegazette.co.uk/def/insolvency#WindingUpOrdersNotice,2452,2020-10-13T10:01:47,03105686,CARILLION GB LIMITED
https://www.thegazette.co.uk/id/notice/3636259, https://www.thegazette.co.uk/def/insolvency#PetitionsToWindUpCompaniesNotice,2450,2020-09-23T12:00:08,03105686,CARILLION GB LIMITED
https://www.thegazette.co.uk/id/notice/2957274, https://www.thegazette.co.uk/def/insolvency#WindingUpOrdersNotice,2452,2018-02-01T12:25:09,03198709,CARILLION LGS LIMITED
https://www.thegazette.co.uk/id/notice/2957274, https://www.thegazette.co.uk/def/insolvency#WindingUpOrdersNotice,2452,2018-02-01T12:25:09,03198709,CARILLION LGS LIMITED
https://www.thegazette.co.uk/id/notice/3061711, https://www.thegazette.co.uk/def/insolvency#WindingUpOrdersNotice,2452,2018-07-10T08:31:01,04448876,EAGA ENERGY SOLUTIONS LIMITED
https://www.thegazette.co.uk/id/notice/3061711, https://www.thegazette.co.uk/def/insolvency#WindingUpOrdersNotice,2452,2018-07-10T08:31:01,04448876,EAGA ENERGY SOLUTIONS LIMITED
https://www.thegazette.co.uk/id/notice/3044769, https://www.thegazette.co.uk/def/insolvency#PetitionsToWindUpCompaniesNotice,2450,2018-06-08T12:51:30,04448876,EAGA ENERGY SOLUTIONS LIMITED
https://www.thegazette.co.uk/id/notice/3044769, https://www.thegazette.co.uk/def/insolvency#PetitionsToWindUpCompaniesNotice,2450,2018-06-08T12:51:30,04448876,EAGA ENERGY SOLUTIONS LIMITED
https://www.thegazette.co.uk/id/notice/3558945, https://www.thegazette.co.uk/def/insolvency#NoticeOfIntendedDividends,2406,2020-05-04T17:40:30,05753751,CARILLION PRIVATE FINANCE (TRANSPORT) LIMITED
https://www.thegazette.co.uk/id/notice/3558239, https://www.thegazette.co.uk/def/insolvency#MembersResolutionsForWindingUpNotice,2431,2020-05-01T17:40:08,05753751,CARILLION PRIVATE FINANCE (TRANSPORT) LIMITED
https://www.thegazette.co.uk/id/notice/3558238, https://www.thegazette.co.uk/def/insolvency#MembersNoticeToCreditors,2433,2020-05-01T17:40:07,05753751,CARILLION PRIVATE FINANCE (TRANSPORT) LIMITED
https://www.thegazette.co.uk/id/notice/3558237, https://www.thegazette.co.uk/def/insolvency#MembersAppointmentOfLiquidatorsNotice,2432,2020-05-01T17:40:06,05753751,CARILLION PRIVATE FINANCE (TRANSPORT) LIMITED
https://www.thegazette.co.uk/id/notice/4237127, https://www.thegazette.co.uk/def/insolvency#CreditorsAppointmentOfLiquidatorsNotice,2443,2022-12-13T17:35:14,08747138,THE HOSPITAL COMPANY (LIVERPOOL) LIMITED
https://www.thegazette.co.uk/id/notice/4237126, https://www.thegazette.co.uk/def/insolvency#CreditorsResolutionsForWindingUpNotice,2441,2022-12-13T17:35:13,08747138,THE HOSPITAL COMPANY (LIVERPOOL) LIMITED
https://www.thegazette.co.uk/id/notice/3171770, https://www.thegazette.co.uk/def/insolvency#WindingUpOrdersNotice,2452,2018-12-18T10:26:06,09961994,CARILLION PRIVATE FINANCE (EDUCATION) 2016 LIMITED
https://www.thegazette.co.uk/id/notice/3171770, https://www.thegazette.co.uk/def/insolvency#WindingUpOrdersNotice,2452,2018-12-18T10:26:06,09961994,CARILLION PRIVATE FINANCE (EDUCATION) 2016 LIMITED
https://www.thegazette.co.uk/id/notice/3150797, https://www.thegazette.co.uk/def/insolvency#PetitionsToWindUpCompaniesNotice,2450,2018-11-13T12:14:50,09961994,CARILLION PRIVATE FINANCE (EDUCATION) 2016 LIMITED
https://www.thegazette.co.uk/id/notice/3150797, https://www.thegazette.co.uk/def/insolvency#PetitionsToWindUpCompaniesNotice,2450,2018-11-13T12:14:50,09961994,CARILLION PRIVATE FINANCE (EDUCATION) 2016 LIMITED
https://www.thegazette.co.uk/id/notice/3017717, https://www.thegazette.co.uk/def/insolvency#WindingUpOrdersNotice,2452,2018-05-01T12:52:10,10556292,CARILLION ADVICE SERVICES LIMITED
https://www.thegazette.co.uk/id/notice/3017717, https://www.thegazette.co.uk/def/insolvency#WindingUpOrdersNotice,2452,2018-05-01T12:52:10,10556292,CARILLION ADVICE SERVICES LIMITED
https://www.thegazette.co.uk/id/notice/3007226, https://www.thegazette.co.uk/def/insolvency#PetitionsToWindUpCompaniesNotice,2450,2018-04-12T12:01:22,10556292,CARILLION ADVICE SERVICES LIMITED
https://www.thegazette.co.uk/id/notice/3007226, https://www.thegazette.co.uk/def/insolvency#PetitionsToWindUpCompaniesNotice,2450,2018-04-12T12:01:22,10556292,CARILLION ADVICE SERVICES LIMITED
https://www.thegazette.co.uk/id/notice/5204952, https://www.thegazette.co.uk/def/insolvency#CreditorsFinalMeetingsNotice,2445,2026-09-04T12:01:36,NI016109,HEAT ENERGY AND ASSOCIATED TECHNOLOGY LIMITED
https://www.thegazette.co.uk/id/notice/5204952, https://www.thegazette.co.uk/def/insolvency#CreditorsFinalMeetingsNotice,2445,2026-09-04T12:01:36,NI016109,HEAT ENERGY AND ASSOCIATED TECHNOLOGY LIMITED
https://www.thegazette.co.uk/id/notice/5204952, https://www.thegazette.co.uk/def/insolvency#CreditorsFinalMeetingsNotice,2445,2026-09-04T12:01:36,NI016109,HEAT ENERGY & ASSOCIATED TECHNOLOGY LIMITED
https://www.thegazette.co.uk/id/notice/5060171, https://www.thegazette.co.uk/def/insolvency#NoticeOfDividends,2407,2026-02-20T12:05:57,NI016109,HEAT ENERGY & ASSOCIATED TECHNOLOGY LIMITED
https://www.thegazette.co.uk/id/notice/5060171, https://www.thegazette.co.uk/def/insolvency#NoticeOfDividends,2407,2026-02-20T12:05:57,NI016109,HEAT ENERGY AND ASSOCIATED TECHNOLOGY LIMITED
https://www.thegazette.co.uk/id/notice/5060171, https://www.thegazette.co.uk/def/insolvency#NoticeOfDividends,2407,2026-02-20T12:05:57,NI016109,HEAT ENERGY AND ASSOCIATED TECHNOLOGY LIMITED
https://www.thegazette.co.uk/id/notice/3117563, https://www.thegazette.co.uk/def/insolvency#CreditorsResolutionsForWindingUpNotice,2441,2018-09-26T18:02:23,NI016109,HEAT ENERGY & ASSOCIATED TECHNOLOGY LIMITED
https://www.thegazette.co.uk/id/notice/3117563, https://www.thegazette.co.uk/def/insolvency#CreditorsResolutionsForWindingUpNotice,2441,2018-09-26T18:02:23,NI016109,HEAT ENERGY AND ASSOCIATED TECHNOLOGY LIMITED
https://www.thegazette.co.uk/id/notice/3117563, https://www.thegazette.co.uk/def/insolvency#CreditorsResolutionsForWindingUpNotice,2441,2018-09-26T18:02:23,NI016109,HEAT ENERGY AND ASSOCIATED TECHNOLOGY LIMITED
https://www.thegazette.co.uk/id/notice/3117562, https://www.thegazette.co.uk/def/insolvency#CreditorsAppointmentOfLiquidatorsNotice,2443,2018-09-26T18:02:19,NI016109,HEAT ENERGY AND ASSOCIATED TECHNOLOGY LIMITED
https://www.thegazette.co.uk/id/notice/3117562, https://www.thegazette.co.uk/def/insolvency#CreditorsAppointmentOfLiquidatorsNotice,2443,2018-09-26T18:02:19,NI016109,HEAT ENERGY & ASSOCIATED TECHNOLOGY LIMITED
https://www.thegazette.co.uk/id/notice/3117562, https://www.thegazette.co.uk/def/insolvency#CreditorsAppointmentOfLiquidatorsNotice,2443,2018-09-26T18:02:19,NI016109,HEAT ENERGY AND ASSOCIATED TECHNOLOGY LIMITED
https://www.thegazette.co.uk/id/notice/3104622, https://www.thegazette.co.uk/def/insolvency#CreditorsMeetingsOfCreditorsNotice,2442,2018-09-07T17:11:15,NI016109,HEAT ENERGY & ASSOCIATED TECHNOLOGY LIMITED
https://www.thegazette.co.uk/id/notice/3104622, https://www.thegazette.co.uk/def/insolvency#CreditorsMeetingsOfCreditorsNotice,2442,2018-09-07T17:11:15,NI016109,HEAT ENERGY AND ASSOCIATED TECHNOLOGY LIMITED
https://www.thegazette.co.uk/id/notice/3104622, https://www.thegazette.co.uk/def/insolvency#CreditorsMeetingsOfCreditorsNotice,2442,2018-09-07T17:11:15,NI016109,HEAT ENERGY AND ASSOCIATED TECHNOLOGY LIMITED
https://www.thegazette.co.uk/id/notice/3116517, https://www.thegazette.co.uk/def/insolvency#WindingUpOrdersNotice,2452,2018-09-27T09:55:50,OC307955,SA 1 DEVELOPMENTS LLP
https://www.thegazette.co.uk/id/notice/3116517, https://www.thegazette.co.uk/def/insolvency#WindingUpOrdersNotice,2452,2018-09-27T09:55:50,OC307955,SA 1 DEVELOPMENTS LLP
https://www.thegazette.co.uk/id/notice/3087799, https://www.thegazette.co.uk/def/insolvency#PetitionsToWindUpCompaniesNotice,2450,2018-08-14T12:08:47,OC307955,SA 1 DEVELOPMENTS LLP
https://www.thegazette.co.uk/id/notice/3087799, https://www.thegazette.co.uk/def/insolvency#PetitionsToWindUpCompaniesNotice,2450,2018-08-14T12:08:47,OC307955,SA 1 DEVELOPMENTS LLP
https://www.thegazette.co.uk/id/notice/2974387, https://www.thegazette.co.uk/def/insolvency#WindingUpOrdersNotice,2452,2018-02-23T08:33:01,00077628,CARILLION JM LIMITED
https://www.thegazette.co.uk/id/notice/3086765, https://www.thegazette.co.uk/def/insolvency#WindingUpOrdersNotice,2452,2018-08-15T10:23:02,00156617,CARILLION CONSTRUCTION (CONTRACTS) LIMITED
https://www.thegazette.co.uk/id/notice/3065196, https://www.thegazette.co.uk/def/insolvency#PetitionsToWindUpCompaniesNotice,2450,2018-07-10T18:00:46,00156617,CARILLION CONSTRUCTION (CONTRACTS) LIMITED
https://www.thegazette.co.uk/id/notice/3049104, https://www.thegazette.co.uk/def/insolvency#WindingUpOrdersNotice,2452,2018-06-20T08:31:31,00247624,CARILLION CAPITAL PROJECTS LIMITED
https://www.thegazette.co.uk/id/notice/3049104, https://www.thegazette.co.uk/def/insolvency#WindingUpOrdersNotice,2452,2018-06-20T08:31:31,00247624,CARILLION CAPITAL PROJECTS LIMITED
https://www.thegazette.co.uk/id/notice/3030127, https://www.thegazette.co.uk/def/insolvency#PetitionsToWindUpCompaniesNotice,2450,2018-05-17T17:00:46,00247624,CARILLION CAPITAL PROJECTS LIMITED
https://www.thegazette.co.uk/id/notice/3030127, https://www.thegazette.co.uk/def/insolvency#PetitionsToWindUpCompaniesNotice,2450,2018-05-17T17:00:46,00247624,CARILLION CAPITAL PROJECTS LIMITED
https://www.thegazette.co.uk/id/notice/3086733, https://www.thegazette.co.uk/def/insolvency#WindingUpOrdersNotice,2452,2018-08-15T10:20:16,00326348,MCALPINE INFRASTRUCTURE SERVICES LIMITED
https://www.thegazette.co.uk/id/notice/3065191, https://www.thegazette.co.uk/def/insolvency#PetitionsToWindUpCompaniesNotice,2450,2018-07-10T18:00:22,00326348,MCALPINE INFRASTRUCTURE SERVICES LIMITED
https://www.thegazette.co.uk/id/notice/3086762, https://www.thegazette.co.uk/def/insolvency#WindingUpOrdersNotice,2452,2018-08-15T10:22:47,00398443,CARILLION MENA LIMITED
https://www.thegazette.co.uk/id/notice/3086762, https://www.thegazette.co.uk/def/insolvency#WindingUpOrdersNotice,2452,2018-08-15T10:22:47,00398443,CARILLION MENA LIMITED
https://www.thegazette.co.uk/id/notice/3065188, https://www.thegazette.co.uk/def/insolvency#PetitionsToWindUpCompaniesNotice,2450,2018-07-10T18:00:09,00398443,CARILLION MENA LIMITED
https://www.thegazette.co.uk/id/notice/3065188, https://www.thegazette.co.uk/def/insolvency#PetitionsToWindUpCompaniesNotice,2450,2018-07-10T18:00:09,00398443,CARILLION MENA LIMITED
https://www.thegazette.co.uk/id/notice/3350962, https://www.thegazette.co.uk/def/insolvency#MembersNoticeToCreditors,2433,2019-07-23T01:02:13,00404120,J.F. MILLER PROPERTIES LIMITED
https://www.thegazette.co.uk/id/notice/3350912, https://www.thegazette.co.uk/def/insolvency#MembersResolutionsForWindingUpNotice,2431,2019-07-23T01:01:17,00404120,J.F. MILLER PROPERTIES LIMITED
https://www.thegazette.co.uk/id/notice/3350878, https://www.thegazette.co.uk/def/insolvency#MembersAppointmentOfLiquidatorsNotice,2432,2019-07-23T01:00:37,00404120,J.F. MILLER PROPERTIES LIMITED
https://www.thegazette.co.uk/id/notice/3239882, https://www.thegazette.co.uk/def/insolvency#WindingUpOrdersNotice,2452,2019-03-27T09:01:23,00416147,          RAINE  LIMITED
https://www.thegazette.co.uk/id/notice/3239882, https://www.thegazette.co.uk/def/insolvency#WindingUpOrdersNotice,2452,2019-03-27T09:01:23,00416147,RAINE LIMITED
https://www.thegazette.co.uk/id/notice/3223981, https://www.thegazette.co.uk/def/insolvency#PetitionsToWindUpCompaniesNotice,2450,2019-03-05T14:50:07,00416147,          RAINE  LIMITED
https://www.thegazette.co.uk/id/notice/3223981, https://www.thegazette.co.uk/def/insolvency#PetitionsToWindUpCompaniesNotice,2450,2019-03-05T14:50:07,00416147,RAINE LIMITED
https://www.thegazette.co.uk/id/notice/2974371, https://www.thegazette.co.uk/def/insolvency#WindingUpOrdersNotice,2452,2018-02-23T08:31:38,00531085,PME TECHNICAL SERVICES LIMITED
https://www.thegazette.co.uk/id/notice/2957270, https://www.thegazette.co.uk/def/insolvency#WindingUpOrdersNotice,2452,2018-02-01T12:24:31,00537677,CARILLION FLEET MANAGEMENT LIMITED
https://www.thegazette.co.uk/id/notice/2957270, https://www.thegazette.co.uk/def/insolvency#WindingUpOrdersNotice,2452,2018-02-01T12:24:31,00537677,CARILLION FLEET MANAGEMENT LIMITED
https://www.thegazette.co.uk/id/notice/3086758, https://www.thegazette.co.uk/def/insolvency#WindingUpOrdersNotice,2452,2018-08-15T10:22:25,00551186,CARILLION (SINGAPORE) LIMITED
https://www.thegazette.co.uk/id/notice/3065198, https://www.thegazette.co.uk/def/insolvency#PetitionsToWindUpCompaniesNotice,2450,2018-07-10T18:00:56,00551186,CARILLION (SINGAPORE) LIMITED
https://www.thegazette.co.uk/id/notice/2974383, https://www.thegazette.co.uk/def/insolvency#WindingUpOrdersNotice,2452,2018-02-23T08:32:40,00566465,DUDLEY BOWER GROUP PLC
https://www.thegazette.co.uk/id/notice/2948342, https://www.thegazette.co.uk/def/insolvency#WindingUpOrdersNotice,2452,2018-01-19T10:20:24,00594581,CARILLION CONSTRUCTION LIMITED
https://www.thegazette.co.uk/id/notice/3255961, https://www.thegazette.co.uk/def/insolvency#WindingUpOrdersNotice,2452,2019-04-16T12:12:17,00662675,          MARCHWIEL PROPERTIES LIMITED
https://www.thegazette.co.uk/id/notice/3255961, https://www.thegazette.co.uk/def/insolvency#WindingUpOrdersNotice,2452,2019-04-16T12:12:17,00662675,MARCHWIEL PROPERTIES LIMITED
https://www.thegazette.co.uk/id/notice/3223982, https://www.thegazette.co.uk/def/insolvency#PetitionsToWindUpCompaniesNotice,2450,2019-03-05T14:50:13,00662675,          MARCHWIEL PROPERTIES LIMITED
https://www.thegazette.co.uk/id/notice/3223982, https://www.thegazette.co.uk/def/insolvency#PetitionsToWindUpCompaniesNotice,2450,2019-03-05T14:50:13,00662675,MARCHWIEL PROPERTIES LIMITED
https://www.thegazette.co.uk/id/notice/2974369, https://www.thegazette.co.uk/def/insolvency#WindingUpOrdersNotice,2452,2018-02-23T08:31:25,00680231,SOVEREIGN CONSULTANCY SERVICES LIMITED
https://www.thegazette.co.uk/id/notice/2957272, https://www.thegazette.co.uk/def/insolvency#WindingUpOrdersNotice,2452,2018-02-01T12:24:59,00728599,CARILLION UTILITY SERVICES LIMITED
https://www.thegazette.co.uk/id/notice/2948341, https://www.thegazette.co.uk/def/insolvency#WindingUpOrdersNotice,2452,2018-01-19T10:20:15,00737307,PLANNED MAINTENANCE ENGINEERING LIMITED
https://www.thegazette.co.uk/id/notice/3051552, https://www.thegazette.co.uk/def/insolvency#WindingUpOrdersNotice,2452,2018-06-20T14:20:17,00775010,THE CARILLION CONSTRUCTION COMPANY (EAST AFRICA) LIMITED
https://www.thegazette.co.uk/id/notice/3029321, https://www.thegazette.co.uk/def/insolvency#PetitionsToWindUpCompaniesNotice,2450,2018-05-17T12:00:29,00775010,THE CARILLION CONSTRUCTION COMPANY (EAST AFRICA) LIMITED
https://www.thegazette.co.uk/id/notice/3086760, https://www.thegazette.co.uk/def/insolvency#WindingUpOrdersNotice,2452,2018-08-15T10:22:36,00881324,CARILLION SUPPORT SERVICES & INVESTMENTS LIMITED
https://www.thegazette.co.uk/id/notice/3065194, https://www.thegazette.co.uk/def/insolvency#PetitionsToWindUpCompaniesNotice,2450,2018-07-10T18:00:36,00881324,CARILLION SUPPORT SERVICES & INVESTMENTS LIMITED
https://www.thegazette.co.uk/id/notice/3136124, https://www.thegazette.co.uk/def/insolvency#WindingUpOrdersNotice,2452,2018-10-23T11:51:28,00883233,CARILLION CONSTRUCTION (WEST INDIES) LIMITED
https://www.thegazette.co.uk/id/notice/2957273, https://www.thegazette.co.uk/def/insolvency#WindingUpOrdersNotice,2452,2018-02-01T12:25:04,00885404,CARILLION AM GOVERNMENT LIMITED
https://www.thegazette.co.uk/id/notice/3049098, https://www.thegazette.co.uk/def/insolvency#WindingUpOrdersNotice,2452,2018-06-20T08:31:00,00961738,CARILLION PROJECT SERVICES HOLDINGS LIMITED
https://www.thegazette.co.uk/id/notice/3030123, https://www.thegazette.co.uk/def/insolvency#PetitionsToWindUpCompaniesNotice,2450,2018-05-17T17:00:16,00961738,CARILLION PROJECT SERVICES HOLDINGS LIMITED
https://www.thegazette.co.uk/id/notice/2960701, https://www.thegazette.co.uk/def/insolvency#WindingUpOrdersNotice,2452,2018-02-05T09:41:02,01122808,CARILLION ASSET MANAGEMENT LIMITED
https://www.thegazette.co.uk/id/notice/3140699, https://www.thegazette.co.uk/def/insolvency#WindingUpOrdersNotice,2452,2018-10-31T10:11:11,01123611,WALTER LAWRENCE DEVELOPMENTS LIMITED
https://www.thegazette.co.uk/id/notice/3120879, https://www.thegazette.co.uk/def/insolvency#PetitionsToWindUpCompaniesNotice,2450,2018-10-01T13:30:32,01123611,WALTER LAWRENCE DEVELOPMENTS LIMITED
https://www.thegazette.co.uk/id/notice/3561672, https://www.thegazette.co.uk/def/insolvency#CreditorsNoticeToCreditors,2446,2020-05-12T01:02:32,01141203,EASTBOURNE HARBOUR COMPANY LIMITED
https://www.thegazette.co.uk/id/notice/3561672, https://www.thegazette.co.uk/def/insolvency#CreditorsNoticeToCreditors,2446,2020-05-12T01:02:32,01141203,EASTBOURNE HARBOUR COMPANY LIMITED
https://www.thegazette.co.uk/id/notice/3561548, https://www.thegazette.co.uk/def/insolvency#NoticeOfIntendedDividends,2406,2020-05-12T01:00:48,01141203,EASTBOURNE HARBOUR COMPANY LIMITED
https://www.thegazette.co.uk/id/notice/3561548, https://www.thegazette.co.uk/def/insolvency#NoticeOfIntendedDividends,2406,2020-05-12T01:00:48,01141203,EASTBOURNE HARBOUR COMPANY LIMITED
https://www.thegazette.co.uk/id/notice/3350967, https://www.thegazette.co.uk/def/insolvency#CreditorsResolutionsForWindingUpNotice,2441,2019-07-23T01:02:19,01141203,EASTBOURNE HARBOUR COMPANY LIMITED
https://www.thegazette.co.uk/id/notice/3350967, https://www.thegazette.co.uk/def/insolvency#CreditorsResolutionsForWindingUpNotice,2441,2019-07-23T01:02:19,01141203,EASTBOURNE HARBOUR COMPANY LIMITED
https://www.thegazette.co.uk/id/notice/3350954, https://www.thegazette.co.uk/def/insolvency#CreditorsAppointmentOfLiquidatorsNotice,2443,2019-07-23T01:02:04,01141203,EASTBOURNE HARBOUR COMPANY LIMITED
https://www.thegazette.co.uk/id/notice/3350954, https://www.thegazette.co.uk/def/insolvency#CreditorsAppointmentOfLiquidatorsNotice,2443,2019-07-23T01:02:04,01141203,EASTBOURNE HARBOUR COMPANY LIMITED
https://www.thegazette.co.uk/id/notice/3051551, https://www.thegazette.co.uk/def/insolvency#WindingUpOrdersNotice,2452,2018-06-20T14:20:11,01180475, CARILLION TECHNICAL SERVICES (INSTALLATION) LIMITED
https://www.thegazette.co.uk/id/notice/3051551, https://www.thegazette.co.uk/def/insolvency#WindingUpOrdersNotice,2452,2018-06-20T14:20:11,01180475,CARILLION TECHNICAL SERVICES (INSTALLATION) LIMITED
https://www.thegazette.co.uk/id/notice/3029503, https://www.thegazette.co.uk/def/insolvency#PetitionsToWindUpCompaniesNotice,2450,2018-05-17T12:03:05,01180475, CARILLION TECHNICAL SERVICES (INSTALLATION) LIMITED
https://www.thegazette.co.uk/id/notice/3029503, https://www.thegazette.co.uk/def/insolvency#PetitionsToWindUpCompaniesNotice,2450,2018-05-17T12:03:05,01180475,CARILLION TECHNICAL SERVICES (INSTALLATION) LIMITED
https://www.thegazette.co.uk/id/notice/3115388, https://www.thegazette.co.uk/def/insolvency#WindingUpOrdersNotice,2452,2018-09-26T08:34:27,01270381,CARILLION CONSTRUCTION OVERSEAS LIMITED
https://www.thegazette.co.uk/id/notice/3057215, https://www.thegazette.co.uk/def/insolvency#WindingUpOrdersNotice,2452,2018-07-03T09:00:58,01294261,ERNEST IRELAND CONSTRUCTION LIMITED
https://www.thegazette.co.uk/id/notice/3044771, https://www.thegazette.co.uk/def/insolvency#PetitionsToWindUpCompaniesNotice,2450,2018-06-08T12:51:43,01294261,ERNEST IRELAND CONSTRUCTION LIMITED
https://www.thegazette.co.uk/id/notice/3049107, https://www.thegazette.co.uk/def/insolvency#WindingUpOrdersNotice,2452,2018-06-20T08:31:46,01367044,CARILLION (AM) LIMITED
https://www.thegazette.co.uk/id/notice/3030125, https://www.thegazette.co.uk/def/insolvency#PetitionsToWindUpCompaniesNotice,2450,2018-05-17T17:00:32,01367044,CARILLION (AM) LIMITED
https://www.thegazette.co.uk/id/notice/3061721, https://www.thegazette.co.uk/def/insolvency#WindingUpOrdersNotice,2452,2018-07-10T08:32:02,01401298,MARCHWIEL INVESTMENTS LIMITED
https://www.thegazette.co.uk/id/notice/3044772, https://www.thegazette.co.uk/def/insolvency#PetitionsToWindUpCompaniesNotice,2450,2018-06-08T12:51:48,01401298,MARCHWIEL INVESTMENTS LIMITED
https://www.thegazette.co.uk/id/notice/2974375, https://www.thegazette.co.uk/def/insolvency#WindingUpOrdersNotice,2452,2018-02-23T08:31:55,01417540,CARILLION PROJECT INVESTMENTS LIMITED
https://www.thegazette.co.uk/id/notice/3086769, https://www.thegazette.co.uk/def/insolvency#WindingUpOrdersNotice,2452,2018-08-15T10:23:23,01449086,ALFRED MCALPINE INTERNATIONAL LIMITED
https://www.thegazette.co.uk/id/notice/3065192, https://www.thegazette.co.uk/def/insolvency#PetitionsToWindUpCompaniesNotice,2450,2018-07-10T18:00:27,01449086,ALFRED MCALPINE INTERNATIONAL LIMITED
https://www.thegazette.co.uk/id/notice/3086734, https://www.thegazette.co.uk/def/insolvency#WindingUpOrdersNotice,2452,2018-08-15T10:20:23,01505628,ALFRED MCALPINE ASSET MANAGEMENT SERVICES LIMITED
https://www.thegazette.co.uk/id/notice/3065190, https://www.thegazette.co.uk/def/insolvency#PetitionsToWindUpCompaniesNotice,2450,2018-07-10T18:00:18,01505628,ALFRED MCALPINE ASSET MANAGEMENT SERVICES LIMITED
https://www.thegazette.co.uk/id/notice/3049097, https://www.thegazette.co.uk/def/insolvency#WindingUpOrdersNotice,2452,2018-06-20T08:30:55,01521006, CARILLION UTILITY SERVICES GROUP LIMITED
https://www.thegazette.co.uk/id/notice/3049097, https://www.thegazette.co.uk/def/insolvency#WindingUpOrdersNotice,2452,2018-06-20T08:30:55,01521006,CARILLION UTILITY SERVICES GROUP LIMITED
https://www.thegazette.co.uk/id/notice/3029502, https://www.thegazette.co.uk/def/insolvency#PetitionsToWindUpCompaniesNotice,2450,2018-05-17T12:02:56,01521006, CARILLION UTILITY SERVICES GROUP LIMITED
https://www.thegazette.co.uk/id/notice/3029502, https://www.thegazette.co.uk/def/insolvency#PetitionsToWindUpCompaniesNotice,2450,2018-05-17T12:02:56,01521006,CARILLION UTILITY SERVICES GROUP LIMITED
https://www.thegazette.co.uk/id/notice/3086766, https://www.thegazette.co.uk/def/insolvency#WindingUpOrdersNotice,2452,2018-08-15T10:23:06,01577583,W A INVESTMENTS LIMITED
https://www.thegazette.co.uk/id/notice/3065195, https://www.thegazette.co.uk/def/insolvency#PetitionsToWindUpCompaniesNotice,2450,2018-07-10T18:00:42,01577583,W A INVESTMENTS LIMITED
https://www.thegazette.co.uk/id/notice/3255956, https://www.thegazette.co.uk/def/insolvency#WindingUpOrdersNotice,2452,2019-04-16T12:11:41,01685693,CARILLION AM DEVELOPMENTS LIMITED
https://www.thegazette.co.uk/id/notice/3255956, https://www.thegazette.co.uk/def/insolvency#WindingUpOrdersNotice,2452,2019-04-16T12:11:41,01685693,CARILLION AM DEVELOPMENTS  LIMITED
https://www.thegazette.co.uk/id/notice/3224273, https://www.thegazette.co.uk/def/insolvency#PetitionsToWindUpCompaniesNotice,2450,2019-03-06T12:00:14,01685693,CARILLION AM DEVELOPMENTS LIMITED
https://www.thegazette.co.uk/id/notice/3224273, https://www.thegazette.co.uk/def/insolvency#PetitionsToWindUpCompaniesNotice,2450,2019-03-06T12:00:14,01685693,CARILLION AM DEVELOPMENTS  LIMITED
https://www.thegazette.co.uk/id/notice/3223984, https://www.thegazette.co.uk/def/insolvency#PetitionsToWindUpCompaniesNotice,2450,2019-03-05T14:50:25,01685693,CARILLION AM DEVELOPMENTS  LIMITED
https://www.thegazette.co.uk/id/notice/3223984, https://www.thegazette.co.uk/def/insolvency#PetitionsToWindUpCompaniesNotice,2450,2019-03-05T14:50:25,01685693,CARILLION AM DEVELOPMENTS LIMITED
https://www.thegazette.co.uk/id/notice/3067192, https://www.thegazette.co.uk/def/insolvency#WindingUpOrdersNotice,2452,2018-07-17T08:22:35,01686252,CARILLION HOME SERVICES LIMITED
https://www.thegazette.co.uk/id/notice/3055424, https://www.thegazette.co.uk/def/insolvency#PetitionsToWindUpCompaniesNotice,2450,2018-06-26T16:31:30,01686252,CARILLION HOME SERVICES LIMITED
https://www.thegazette.co.uk/id/notice/3136128, https://www.thegazette.co.uk/def/insolvency#WindingUpOrdersNotice,2452,2018-10-23T11:51:48,01752119,INSPIREDSPACES LIMITED
https://www.thegazette.co.uk/id/notice/3120876, https://www.thegazette.co.uk/def/insolvency#PetitionsToWindUpCompaniesNotice,2450,2018-10-01T13:30:12,01752119,INSPIREDSPACES LIMITED
https://www.thegazette.co.uk/id/notice/3136118, https://www.thegazette.co.uk/def/insolvency#WindingUpOrdersNotice,2452,2018-10-23T11:50:55,01808326,AM NOMINEES LIMITED
https://www.thegazette.co.uk/id/notice/3120877, https://www.thegazette.co.uk/def/insolvency#PetitionsToWindUpCompaniesNotice,2450,2018-10-01T13:30:19,01808326,AM NOMINEES LIMITED
https://www.thegazette.co.uk/id/notice/3061730, https://www.thegazette.co.uk/def/insolvency#WindingUpOrdersNotice,2452,2018-07-10T08:32:50,02023634,E.J. HORROCKS LIMITED
https://www.thegazette.co.uk/id/notice/3061730, https://www.thegazette.co.uk/def/insolvency#WindingUpOrdersNotice,2452,2018-07-10T08:32:50,02023634,E.J. HORROCKS LIMITED
https://www.thegazette.co.uk/id/notice/3044768, https://www.thegazette.co.uk/def/insolvency#PetitionsToWindUpCompaniesNotice,2450,2018-06-08T12:51:25,02023634,E.J. HORROCKS LIMITED
https://www.thegazette.co.uk/id/notice/3044768, https://www.thegazette.co.uk/def/insolvency#PetitionsToWindUpCompaniesNotice,2450,2018-06-08T12:51:25,02023634,E.J. HORROCKS LIMITED
https://www.thegazette.co.uk/id/notice/3351035, https://www.thegazette.co.uk/def/insolvency#MembersResolutionsForWindingUpNotice,2431,2019-07-23T01:04:05,02062284,WALTER LAWRENCE HOUSING INVESTMENTS LIMITED
https://www.thegazette.co.uk/id/notice/3351000, https://www.thegazette.co.uk/def/insolvency#MembersNoticeToCreditors,2433,2019-07-23T01:02:56,02062284,WALTER LAWRENCE HOUSING INVESTMENTS LIMITED
https://www.thegazette.co.uk/id/notice/3350929, https://www.thegazette.co.uk/def/insolvency#MembersAppointmentOfLiquidatorsNotice,2432,2019-07-23T01:01:36,02062284,WALTER LAWRENCE HOUSING INVESTMENTS LIMITED
https://www.thegazette.co.uk/id/notice/3091668, https://www.thegazette.co.uk/def/insolvency#WindingUpOrdersNotice,2452,2018-08-22T11:04:24,02063449,1ST INSULATION PARTNERS LIMITED
https://www.thegazette.co.uk/id/notice/3065201, https://www.thegazette.co.uk/def/insolvency#PetitionsToWindUpCompaniesNotice,2450,2018-07-10T18:01:09,02063449,1ST INSULATION PARTNERS LIMITED
https://www.thegazette.co.uk/id/notice/3049088, https://www.thegazette.co.uk/def/insolvency#WindingUpOrdersNotice,2452,2018-06-20T08:30:03,02112970,WAKEREMOTE LIMITED
https://www.thegazette.co.uk/id/notice/3029322, https://www.thegazette.co.uk/def/insolvency#PetitionsToWindUpCompaniesNotice,2450,2018-05-17T12:00:37,02112970,WAKEREMOTE LIMITED
https://www.thegazette.co.uk/id/notice/3350972, https://www.thegazette.co.uk/def/insolvency#MembersResolutionsForWindingUpNotice,2431,2019-07-23T01:02:25,02217605,SOVEREIGN HARBOUR LIMITED
https://www.thegazette.co.uk/id/notice/3350939, https://www.thegazette.co.uk/def/insolvency#MembersAppointmentOfLiquidatorsNotice,2432,2019-07-23T01:01:47,02217605,SOVEREIGN HARBOUR LIMITED
https://www.thegazette.co.uk/id/notice/3350931, https://www.thegazette.co.uk/def/insolvency#MembersNoticeToCreditors,2433,2019-07-23T01:01:39,02217605,SOVEREIGN HARBOUR LIMITED
https://www.thegazette.co.uk/id/notice/3049103, https://www.thegazette.co.uk/def/insolvency#WindingUpOrdersNotice,2452,2018-06-20T08:31:26,02294384, CARILLION SWINDON LIMITED
https://www.thegazette.co.uk/id/notice/3049103, https://www.thegazette.co.uk/def/insolvency#WindingUpOrdersNotice,2452,2018-06-20T08:31:26,02294384,CARILLION SWINDON LIMITED
https://www.thegazette.co.uk/id/notice/3029506, https://www.thegazette.co.uk/def/insolvency#PetitionsToWindUpCompaniesNotice,2450,2018-05-17T12:04:14,02294384, CARILLION SWINDON LIMITED
https://www.thegazette.co.uk/id/notice/3029506, https://www.thegazette.co.uk/def/insolvency#PetitionsToWindUpCompaniesNotice,2450,2018-05-17T12:04:14,02294384,CARILLION SWINDON LIMITED
https://www.thegazette.co.uk/id/notice/3049106, https://www.thegazette.co.uk/def/insolvency#WindingUpOrdersNotice,2452,2018-06-20T08:31:41,02355338, CARILLION UTILITY SERVICES S.E. LIMITED
https://www.thegazette.co.uk/id/notice/3049106, https://www.thegazette.co.uk/def/insolvency#WindingUpOrdersNotice,2452,2018-06-20T08:31:41,02355338,CARILLION UTILITY SERVICES S.E. LIMITED
https://www.thegazette.co.uk/id/notice/3029505, https://www.thegazette.co.uk/def/insolvency#PetitionsToWindUpCompaniesNotice,2450,2018-05-17T12:03:39,02355338, CARILLION UTILITY SERVICES S.E. LIMITED
https://www.thegazette.co.uk/id/notice/3029505, https://www.thegazette.co.uk/def/insolvency#PetitionsToWindUpCompaniesNotice,2450,2018-05-17T12:03:39,02355338,CARILLION UTILITY SERVICES S.E. LIMITED
https://www.thegazette.co.uk/id/notice/3140691, https://www.thegazette.co.uk/def/insolvency#WindingUpOrdersNotice,2452,2018-10-31T10:10:39,02404092,BUILDING ENVIRONMENTAL HYGIENE LIMITED
https://www.thegazette.co.uk/id/notice/3120878, https://www.thegazette.co.uk/def/insolvency#PetitionsToWindUpCompaniesNotice,2450,2018-10-01T13:30:25,02404092,BUILDING ENVIRONMENTAL HYGIENE LIMITED
https://www.thegazette.co.uk/id/notice/3049129, https://www.thegazette.co.uk/def/insolvency#WindingUpOrdersNotice,2452,2018-06-20T08:33:58,02489314, CHURCHWARD PLC
https://www.thegazette.co.uk/id/notice/3049129, https://www.thegazette.co.uk/def/insolvency#WindingUpOrdersNotice,2452,2018-06-20T08:33:58,02489314,CHURCHWARD PLC
https://www.thegazette.co.uk/id/notice/3029504, https://www.thegazette.co.uk/def/insolvency#PetitionsToWindUpCompaniesNotice,2450,2018-05-17T12:03:24,02489314,CHURCHWARD PLC
https://www.thegazette.co.uk/id/notice/3029504, https://www.thegazette.co.uk/def/insolvency#PetitionsToWindUpCompaniesNotice,2450,2018-05-17T12:03:24,02489314, CHURCHWARD PLC
https://www.thegazette.co.uk/id/notice/2957280, https://www.thegazette.co.uk/def/insolvency#WindingUpOrdersNotice,2452,2018-02-01T12:26:00,02508579,POSTWORTH LIMITED
https://www.thegazette.co.uk/id/notice/2957275, https://www.thegazette.co.uk/def/insolvency#WindingUpOrdersNotice,2452,2018-02-01T12:25:23,02574792,CARILLION SPECIALIST SERVICES LIMITED
https://www.thegazette.co.uk/id/notice/2957279, https://www.thegazette.co.uk/def/insolvency#WindingUpOrdersNotice,2452,2018-02-01T12:25:56,02574820,TPS CONSULT LIMITED
https://www.thegazette.co.uk/id/notice/3239884, https://www.thegazette.co.uk/def/insolvency#WindingUpOrdersNotice,2452,2019-03-27T09:01:33,02630590,CARILLION REGENERATION LIMITED
https://www.thegazette.co.uk/id/notice/3239884, https://www.thegazette.co.uk/def/insolvency#WindingUpOrdersNotice,2452,2019-03-27T09:01:33,02630590,CARILLION REGENERATION  LIMITED
https://www.thegazette.co.uk/id/notice/3239884, https://www.thegazette.co.uk/def/insolvency#WindingUpOrdersNotice,2452,2019-03-27T09:01:33,02630590,CARILLION REGENERATION LIMITED
https://www.thegazette.co.uk/id/notice/3223983, https://www.thegazette.co.uk/def/insolvency#PetitionsToWindUpCompaniesNotice,2450,2019-03-05T14:50:20,02630590,CARILLION REGENERATION LIMITED
https://www.thegazette.co.uk/id/notice/3223983, https://www.thegazette.co.uk/def/insolvency#PetitionsToWindUpCompaniesNotice,2450,2019-03-05T14:50:20,02630590,CARILLION REGENERATION  LIMITED
https://www.thegazette.co.uk/id/notice/3223983, https://www.thegazette.co.uk/def/insolvency#PetitionsToWindUpCompaniesNotice,2450,2019-03-05T14:50:20,02630590,CARILLION REGENERATION LIMITED
https://www.thegazette.co.uk/id/notice/2974382, https://www.thegazette.co.uk/def/insolvency#WindingUpOrdersNotice,2452,2018-02-23T08:32:35,02646690,SCHAL INTERNATIONAL MANAGEMENT LIMITED
https://www.thegazette.co.uk/id/notice/2948340, https://www.thegazette.co.uk/def/insolvency#WindingUpOrdersNotice,2452,2018-01-19T10:20:09,02684154,CARILLION SERVICES 2006 LIMITED
https://www.thegazette.co.uk/id/notice/3045300, https://www.thegazette.co.uk/def/insolvency#WindingUpOrdersNotice,2452,2018-06-13T10:33:37,02811168,BARCLAY MOWLEM (ASIA) LIMITED
https://www.thegazette.co.uk/id/notice/3030124, https://www.thegazette.co.uk/def/insolvency#PetitionsToWindUpCompaniesNotice,2450,2018-05-17T17:00:25,02811168,BARCLAY MOWLEM (ASIA) LIMITED
https://www.thegazette.co.uk/id/notice/3061712, https://www.thegazette.co.uk/def/insolvency#WindingUpOrdersNotice,2452,2018-07-10T08:31:08,02836739,GEORGE HOWE LIMITED
https://www.thegazette.co.uk/id/notice/3044770, https://www.thegazette.co.uk/def/insolvency#PetitionsToWindUpCompaniesNotice,2450,2018-06-08T12:51:37,02836739,GEORGE HOWE LIMITED
https://www.thegazette.co.uk/id/notice/2957278, https://www.thegazette.co.uk/def/insolvency#WindingUpOrdersNotice,2452,2018-02-01T12:25:49,02840336,EVERPRIME LIMITED
https://www.thegazette.co.uk/id/notice/2957278, https://www.thegazette.co.uk/def/insolvency#WindingUpOrdersNotice,2452,2018-02-01T12:25:49,02840336,EVERPRIME LIMITED
https://www.thegazette.co.uk/id/notice/2974373, https://www.thegazette.co.uk/def/insolvency#WindingUpOrdersNotice,2452,2018-02-23T08:31:49,02916489,CARILLION PROFESSIONAL SERVICES LIMITED
https://www.thegazette.co.uk/id/notice/3061724, https://www.thegazette.co.uk/def/insolvency#WindingUpOrdersNotice,2452,2018-07-10T08:32:18,02995364,CENTRAC LIMITED
https://www.thegazette.co.uk/id/notice/3061724, https://www.thegazette.co.uk/def/insolvency#WindingUpOrdersNotice,2452,2018-07-10T08:32:18,02995364,CENTRAC LIMITED
https://www.thegazette.co.uk/id/notice/3095788, https://www.thegazette.co.uk/def/insolvency#WindingUpOrdersNotice,2452,2018-08-29T08:41:40,02995513,G T RAILWAY MAINTENANCE LIMITED
https://www.thegazette.co.uk/id/notice/3395688, https://www.thegazette.co.uk/def/insolvency#WindingUpOrdersNotice,2452,2019-10-02T08:51:54,02997859,CARILLION PRIVATE FINANCE LIMITED
https://www.thegazette.co.uk/id/notice/3395688, https://www.thegazette.co.uk/def/insolvency#WindingUpOrdersNotice,2452,2019-10-02T08:51:54,02997859,CARILLION PRIVATE FINANCE LIMITED
https://www.thegazette.co.uk/id/notice/3378668, https://www.thegazette.co.uk/def/insolvency#PetitionsToWindUpCompaniesNotice,2450,2019-09-03T14:20:16,02997859,CARILLION PRIVATE FINANCE LIMITED
https://www.thegazette.co.uk/id/notice/3378668, https://www.thegazette.co.uk/def/insolvency#PetitionsToWindUpCompaniesNotice,2450,2019-09-03T14:20:16,02997859,CARILLION PRIVATE FINANCE LIMITED
https://www.thegazette.co.uk/id/notice/2948345, https://www.thegazette.co.uk/def/insolvency#WindingUpOrdersNotice,2452,2018-01-19T10:20:53,03011791,CARILLION SERVICES LIMITED
https://www.thegazette.co.uk/id/notice/3049105, https://www.thegazette.co.uk/def/insolvency#WindingUpOrdersNotice,2452,2018-06-20T08:31:36,03126198,G T RAILWAY MAINTENANCE HOLDINGS LIMITED
https://www.thegazette.co.uk/id/notice/3049105, https://www.thegazette.co.uk/def/insolvency#WindingUpOrdersNotice,2452,2018-06-20T08:31:36,03126198, G T  RAILWAY MAINTENANCE HOLDINGS LIMITED
https://www.thegazette.co.uk/id/notice/3029319, https://www.thegazette.co.uk/def/insolvency#PetitionsToWindUpCompaniesNotice,2450,2018-05-17T12:00:14,03126198,G T RAILWAY MAINTENANCE HOLDINGS LIMITED
https://www.thegazette.co.uk/id/notice/3029319, https://www.thegazette.co.uk/def/insolvency#PetitionsToWindUpCompaniesNotice,2450,2018-05-17T12:00:14,03126198, G T  RAILWAY MAINTENANCE HOLDINGS LIMITED
https://www.thegazette.co.uk/id/notice/2957274, https://www.thegazette.co.uk/def/insolvency#WindingUpOrdersNotice,2452,2018-02-01T12:25:09,03198709,CARILLION LGS LIMITED
https://www.thegazette.co.uk/id/notice/2957274, https://www.thegazette.co.uk/def/insolvency#WindingUpOrdersNotice,2452,2018-02-01T12:25:09,03198709,CARILLION LGS LIMITED
https://www.thegazette.co.uk/id/notice/2969962, https://www.thegazette.co.uk/def/insolvency#WindingUpOrdersNotice,2452,2018-02-16T08:40:39,03232308,SOVEREIGN HOSPITAL SERVICES LIMITED
https://www.thegazette.co.uk/id/notice/3049101, https://www.thegazette.co.uk/def/insolvency#WindingUpOrdersNotice,2452,2018-06-20T08:31:16,03256112,CARILLION (DENMARK) LIMITED
https://www.thegazette.co.uk/id/notice/3030126, https://www.thegazette.co.uk/def/insolvency#PetitionsToWindUpCompaniesNotice,2450,2018-05-17T17:00:39,03256112,CARILLION (DENMARK) LIMITED
https://www.thegazette.co.uk/id/notice/3049095, https://www.thegazette.co.uk/def/insolvency#WindingUpOrdersNotice,2452,2018-06-20T08:30:45,03392601,MOWLEM ENVIRONMENTAL SCIENCES GROUP LIMITED
https://www.thegazette.co.uk/id/notice/3029324, https://www.thegazette.co.uk/def/insolvency#PetitionsToWindUpCompaniesNotice,2450,2018-05-17T12:00:52,03392601,MOWLEM ENVIRONMENTAL SCIENCES GROUP LIMITED
https://www.thegazette.co.uk/id/notice/3351025, https://www.thegazette.co.uk/def/insolvency#CreditorsAppointmentOfLiquidatorsNotice,2443,2019-07-23T01:03:55,03523664,FORMSOLE LIMITED
https://www.thegazette.co.uk/id/notice/3350895, https://www.thegazette.co.uk/def/insolvency#CreditorsResolutionsForWindingUpNotice,2441,2019-07-23T01:00:57,03523664,FORMSOLE LIMITED
https://www.thegazette.co.uk/id/notice/2948344, https://www.thegazette.co.uk/def/insolvency#WindingUpOrdersNotice,2452,2018-01-19T10:20:47,03679838,CARILLION INTEGRATED SERVICES LIMITED
https://www.thegazette.co.uk/id/notice/2948343, https://www.thegazette.co.uk/def/insolvency#WindingUpOrdersNotice,2452,2018-01-19T10:20:30,03782379,CARILLION PLC
https://www.thegazette.co.uk/id/notice/3351030, https://www.thegazette.co.uk/def/insolvency#MembersNoticeToCreditors,2433,2019-07-23T01:03:59,03783015,CEDAR 2019 LIMITED
https://www.thegazette.co.uk/id/notice/3350918, https://www.thegazette.co.uk/def/insolvency#MembersResolutionsForWindingUpNotice,2431,2019-07-23T01:01:24,03783015,CEDAR 2019 LIMITED
https://www.thegazette.co.uk/id/notice/3350888, https://www.thegazette.co.uk/def/insolvency#MembersAppointmentOfLiquidatorsNotice,2432,2019-07-23T01:00:49,03783015,CEDAR 2019 LIMITED
https://www.thegazette.co.uk/id/notice/2974368, https://www.thegazette.co.uk/def/insolvency#WindingUpOrdersNotice,2452,2018-02-23T08:31:18,03783019,CARILLION HOLDINGS LIMITED
https://www.thegazette.co.uk/id/notice/2957271, https://www.thegazette.co.uk/def/insolvency#WindingUpOrdersNotice,2452,2018-02-01T12:24:55,03858865,CARILLION ENERGY SERVICES LIMITED
https://www.thegazette.co.uk/id/notice/3086768, https://www.thegazette.co.uk/def/insolvency#WindingUpOrdersNotice,2452,2018-08-15T10:23:16,03902700,CARILLION AQUMEN MANAGEMENT SERVICES LIMITED
https://www.thegazette.co.uk/id/notice/3065193, https://www.thegazette.co.uk/def/insolvency#PetitionsToWindUpCompaniesNotice,2450,2018-07-10T18:00:31,03902700,CARILLION AQUMEN MANAGEMENT SERVICES LIMITED
https://www.thegazette.co.uk/id/notice/2975108, https://www.thegazette.co.uk/def/insolvency#WindingUpOrdersNotice,2452,2018-02-26T08:00:59,03902730,PME PARTNERSHIPS LIMITED
https://www.thegazette.co.uk/id/notice/3351016, https://www.thegazette.co.uk/def/insolvency#MembersAppointmentOfLiquidatorsNotice,2432,2019-07-23T01:03:45,04135060,SOVEREIGN HARBOUR WATERFRONT HOLDINGS LIMITED
https://www.thegazette.co.uk/id/notice/3351011, https://www.thegazette.co.uk/def/insolvency#MembersResolutionsForWindingUpNotice,2431,2019-07-23T01:03:08,04135060,SOVEREIGN HARBOUR WATERFRONT HOLDINGS LIMITED
https://www.thegazette.co.uk/id/notice/3350938, https://www.thegazette.co.uk/def/insolvency#MembersNoticeToCreditors,2433,2019-07-23T01:01:46,04135060,SOVEREIGN HARBOUR WATERFRONT HOLDINGS LIMITED
https://www.thegazette.co.uk/id/notice/2974390, https://www.thegazette.co.uk/def/insolvency#WindingUpOrdersNotice,2452,2018-02-23T08:33:15,04322876,CARILLION PROPERTY SERVICES LIMITED
https://www.thegazette.co.uk/id/notice/3351044, https://www.thegazette.co.uk/def/insolvency#MembersNoticeToCreditors,2433,2019-07-23T01:04:15,04435931,CEDAR THANET PHASE 2 LIMITED
https://www.thegazette.co.uk/id/notice/3351042, https://www.thegazette.co.uk/def/insolvency#MembersAppointmentOfLiquidatorsNotice,2432,2019-07-23T01:04:13,04435931,CEDAR THANET PHASE 2 LIMITED
https://www.thegazette.co.uk/id/notice/3351014, https://www.thegazette.co.uk/def/insolvency#MembersResolutionsForWindingUpNotice,2431,2019-07-23T01:03:11,04435931,CEDAR THANET PHASE 2 LIMITED
https://www.thegazette.co.uk/id/notice/3061711, https://www.thegazette.co.uk/def/insolvency#WindingUpOrdersNotice,2452,2018-07-10T08:31:01,04448876,EAGA ENERGY SOLUTIONS LIMITED
https://www.thegazette.co.uk/id/notice/3061711, https://www.thegazette.co.uk/def/insolvency#WindingUpOrdersNotice,2452,2018-07-10T08:31:01,04448876,EAGA ENERGY SOLUTIONS LIMITED
https://www.thegazette.co.uk/id/notice/3044769, https://www.thegazette.co.uk/def/insolvency#PetitionsToWindUpCompaniesNotice,2450,2018-06-08T12:51:30,04448876,EAGA ENERGY SOLUTIONS LIMITED
https://www.thegazette.co.uk/id/notice/3044769, https://www.thegazette.co.uk/def/insolvency#PetitionsToWindUpCompaniesNotice,2450,2018-06-08T12:51:30,04448876,EAGA ENERGY SOLUTIONS LIMITED
https://www.thegazette.co.uk/id/notice/3350949, https://www.thegazette.co.uk/def/insolvency#MembersNoticeToCreditors,2433,2019-07-23T01:01:58,04979205,SOVEREIGN HARBOUR WATERFRONT LIMITED
https://www.thegazette.co.uk/id/notice/3350925, https://www.thegazette.co.uk/def/insolvency#MembersResolutionsForWindingUpNotice,2431,2019-07-23T01:01:32,04979205,SOVEREIGN HARBOUR WATERFRONT LIMITED
https://www.thegazette.co.uk/id/notice/3350909, https://www.thegazette.co.uk/def/insolvency#MembersAppointmentOfLiquidatorsNotice,2432,2019-07-23T01:01:14,04979205,SOVEREIGN HARBOUR WATERFRONT LIMITED
https://www.thegazette.co.uk/id/notice/3140915, https://www.thegazette.co.uk/def/insolvency#DismissalOfWindingUpPetitionNotice,2461,2018-10-29T12:20:42,05186128,NEW WORLD HAYDOCK LIMITED
https://www.thegazette.co.uk/id/notice/3123050, https://www.thegazette.co.uk/def/insolvency#PetitionsToWindUpCompaniesNotice,2450,2018-10-04T09:50:40,05186128,NEW WORLD HAYDOCK LIMITED
https://www.thegazette.co.uk/id/notice/3350995, https://www.thegazette.co.uk/def/insolvency#CreditorsResolutionsForWindingUpNotice,2441,2019-07-23T01:02:51,05308544,CEDAR ANCHORWOOD LIMITED
https://www.thegazette.co.uk/id/notice/3350886, https://www.thegazette.co.uk/def/insolvency#CreditorsAppointmentOfLiquidatorsNotice,2443,2019-07-23T01:00:46,05308544,CEDAR ANCHORWOOD LIMITED
https://www.thegazette.co.uk/id/notice/3061713, https://www.thegazette.co.uk/def/insolvency#WindingUpOrdersNotice,2452,2018-07-10T08:31:15,05325813,CLINICENTA LIMITED
https://www.thegazette.co.uk/id/notice/3044716, https://www.thegazette.co.uk/def/insolvency#PetitionsToWindUpCompaniesNotice,2450,2018-06-08T12:40:12,05325813,CLINICENTA LIMITED
https://www.thegazette.co.uk/id/notice/3123048, https://www.thegazette.co.uk/def/insolvency#PetitionsToWindUpCompaniesNotice,2450,2018-10-04T09:50:22,05477550,NEW WORLD CREWE LIMITED
https://www.thegazette.co.uk/id/notice/3363170, https://www.thegazette.co.uk/def/insolvency#DismissalOfWindingUpPetitionNotice,2461,2019-08-08T15:30:11,05543634,NEW WORLD BARNSLEY LIMITED
https://www.thegazette.co.uk/id/notice/3308552, https://www.thegazette.co.uk/def/insolvency#PetitionsToWindUpCompaniesNotice,2450,2019-06-18T15:50:02,05543634,NEW WORLD BARNSLEY LIMITED
https://www.thegazette.co.uk/id/notice/3140917, https://www.thegazette.co.uk/def/insolvency#DismissalOfWindingUpPetitionNotice,2461,2018-10-29T12:20:52,05543634,NEW WORLD BARNSLEY LIMITED
https://www.thegazette.co.uk/id/notice/3123251, https://www.thegazette.co.uk/def/insolvency#PetitionsToWindUpCompaniesNotice,2450,2018-10-04T12:41:16,05543634,NEW WORLD BARNSLEY LIMITED
https://www.thegazette.co.uk/id/notice/3040419, https://www.thegazette.co.uk/def/insolvency#MembersAppointmentOfLiquidatorsNotice,2432,2018-06-04T17:42:35,05704064 ,CARILLION (ASPIRE SERVICES) HOLDINGS LIMITED
https://www.thegazette.co.uk/id/notice/3040418, https://www.thegazette.co.uk/def/insolvency#MembersNoticeToCreditors,2433,2018-06-04T17:42:29,05704064 ,CARILLION (ASPIRE SERVICES) HOLDINGS LIMITED
https://www.thegazette.co.uk/id/notice/3040417, https://www.thegazette.co.uk/def/insolvency#MembersResolutionsForWindingUpNotice,2431,2018-06-04T17:42:24,05704064 ,CARILLION (ASPIRE SERVICES) HOLDINGS LIMITED
https://www.thegazette.co.uk/id/notice/3040419, https://www.thegazette.co.uk/def/insolvency#MembersAppointmentOfLiquidatorsNotice,2432,2018-06-04T17:42:35,05704083 ,CARILLION (ASPIRE CONSTRUCTION) HOLDINGS LIMITED
https://www.thegazette.co.uk/id/notice/3040419, https://www.thegazette.co.uk/def/insolvency#MembersAppointmentOfLiquidatorsNotice,2432,2018-06-04T17:42:35,05704083 ,CARILLION (ASPIRE CONSTRUCTION) HOLDINGS LIMITED
https://www.thegazette.co.uk/id/notice/3040418, https://www.thegazette.co.uk/def/insolvency#MembersNoticeToCreditors,2433,2018-06-04T17:42:29,05704083 ,CARILLION (ASPIRE CONSTRUCTION) HOLDINGS LIMITED
https://www.thegazette.co.uk/id/notice/3040418, https://www.thegazette.co.uk/def/insolvency#MembersNoticeToCreditors,2433,2018-06-04T17:42:29,05704083 ,CARILLION (ASPIRE CONSTRUCTION) HOLDINGS LIMITED
https://www.thegazette.co.uk/id/notice/3040417, https://www.thegazette.co.uk/def/insolvency#MembersResolutionsForWindingUpNotice,2431,2018-06-04T17:42:24,05704083 ,CARILLION (ASPIRE CONSTRUCTION) HOLDINGS LIMITED
https://www.thegazette.co.uk/id/notice/3040417, https://www.thegazette.co.uk/def/insolvency#MembersResolutionsForWindingUpNotice,2431,2018-06-04T17:42:24,05704083 ,CARILLION (ASPIRE CONSTRUCTION) HOLDINGS LIMITED
https://www.thegazette.co.uk/id/notice/3040419, https://www.thegazette.co.uk/def/insolvency#MembersAppointmentOfLiquidatorsNotice,2432,2018-06-04T17:42:35,05704108 ,CARILLION (ASPIRE CONSTRUCTION) HOLDINGS NO.2 LIMITED 
https://www.thegazette.co.uk/id/notice/3040419, https://www.thegazette.co.uk/def/insolvency#MembersAppointmentOfLiquidatorsNotice,2432,2018-06-04T17:42:35,05704108 ,CARILLION (ASPIRE CONSTRUCTION) HOLDINGS NO.2 LIMITED
https://www.thegazette.co.uk/id/notice/3040418, https://www.thegazette.co.uk/def/insolvency#MembersNoticeToCreditors,2433,2018-06-04T17:42:29,05704108 ,CARILLION (ASPIRE CONSTRUCTION) HOLDINGS NO.2 LIMITED 
https://www.thegazette.co.uk/id/notice/3040418, https://www.thegazette.co.uk/def/insolvency#MembersNoticeToCreditors,2433,2018-06-04T17:42:29,05704108 ,CARILLION (ASPIRE CONSTRUCTION) HOLDINGS NO.2 LIMITED
https://www.thegazette.co.uk/id/notice/3040417, https://www.thegazette.co.uk/def/insolvency#MembersResolutionsForWindingUpNotice,2431,2018-06-04T17:42:24,05704108 ,CARILLION (ASPIRE CONSTRUCTION) HOLDINGS NO.2 LIMITED 
https://www.thegazette.co.uk/id/notice/3040417, https://www.thegazette.co.uk/def/insolvency#MembersResolutionsForWindingUpNotice,2431,2018-06-04T17:42:24,05704108 ,CARILLION (ASPIRE CONSTRUCTION) HOLDINGS NO.2 LIMITED
https://www.thegazette.co.uk/id/notice/3040419, https://www.thegazette.co.uk/def/insolvency#MembersAppointmentOfLiquidatorsNotice,2432,2018-06-04T17:42:35,05704135 ,CARILLION (ASPIRE CONSTRUCTION) LIMITED
https://www.thegazette.co.uk/id/notice/3040418, https://www.thegazette.co.uk/def/insolvency#MembersNoticeToCreditors,2433,2018-06-04T17:42:29,05704135 ,CARILLION (ASPIRE CONSTRUCTION) LIMITED
https://www.thegazette.co.uk/id/notice/3040417, https://www.thegazette.co.uk/def/insolvency#MembersResolutionsForWindingUpNotice,2431,2018-06-04T17:42:24,05704135 ,CARILLION (ASPIRE CONSTRUCTION) LIMITED
https://www.thegazette.co.uk/id/notice/3040419, https://www.thegazette.co.uk/def/insolvency#MembersAppointmentOfLiquidatorsNotice,2432,2018-06-04T17:42:35,05704172,CARILLION (ASPIRE SERVICES) HOLDINGS NO.2 LIMITED
https://www.thegazette.co.uk/id/notice/3040418, https://www.thegazette.co.uk/def/insolvency#MembersNoticeToCreditors,2433,2018-06-04T17:42:29,05704172,CARILLION (ASPIRE SERVICES) HOLDINGS NO.2 LIMITED
https://www.thegazette.co.uk/id/notice/3040417, https://www.thegazette.co.uk/def/insolvency#MembersResolutionsForWindingUpNotice,2431,2018-06-04T17:42:24,05704172,CARILLION (ASPIRE SERVICES) HOLDINGS NO.2 LIMITED
https://www.thegazette.co.uk/id/notice/3040419, https://www.thegazette.co.uk/def/insolvency#MembersAppointmentOfLiquidatorsNotice,2432,2018-06-04T17:42:35,05704254 ,CARILLION (ASPIRE SERVICES) LIMITED
https://www.thegazette.co.uk/id/notice/3040418, https://www.thegazette.co.uk/def/insolvency#MembersNoticeToCreditors,2433,2018-06-04T17:42:29,05704254 ,CARILLION (ASPIRE SERVICES) LIMITED
https://www.thegazette.co.uk/id/notice/3040417, https://www.thegazette.co.uk/def/insolvency#MembersResolutionsForWindingUpNotice,2431,2018-06-04T17:42:24,05704254 ,CARILLION (ASPIRE SERVICES) LIMITED
https://www.thegazette.co.uk/id/notice/3198098, https://www.thegazette.co.uk/def/insolvency#WindingUpOrdersNotice,2452,2019-01-31T09:12:12,05769391,LODGE PARK COMMERCIAL DEVELOPMENTS LIMITED
https://www.thegazette.co.uk/id/notice/3198098, https://www.thegazette.co.uk/def/insolvency#WindingUpOrdersNotice,2452,2019-01-31T09:12:12,05769391,LODGE PARK COMMERCIAL DEVELOPMENTS LIMITED
https://www.thegazette.co.uk/id/notice/3180489, https://www.thegazette.co.uk/def/insolvency#PetitionsToWindUpCompaniesNotice,2450,2018-12-28T21:10:14,05769391,LODGE PARK COMMERCIAL DEVELOPMENTS LIMITED
https://www.thegazette.co.uk/id/notice/3180489, https://www.thegazette.co.uk/def/insolvency#PetitionsToWindUpCompaniesNotice,2450,2018-12-28T21:10:14,05769391,LODGE PARK COMMERCIAL DEVELOPMENTS LIMITED
https://www.thegazette.co.uk/id/notice/3073388, https://www.thegazette.co.uk/def/insolvency#DismissalOfWindingUpPetitionNotice,2461,2018-07-20T15:00:53,05769391,LODGE PARK COMMERCIAL DEVELOPMENTS LIMITED
https://www.thegazette.co.uk/id/notice/3073388, https://www.thegazette.co.uk/def/insolvency#DismissalOfWindingUpPetitionNotice,2461,2018-07-20T15:00:53,05769391,LODGE PARK COMMERCIAL DEVELOPMENTS LIMITED
https://www.thegazette.co.uk/id/notice/3051584, https://www.thegazette.co.uk/def/insolvency#PetitionsToWindUpCompaniesNotice,2450,2018-06-22T00:12:42,05769391,LODGE PARK COMMERCIAL DEVELOPMENTS LIMITED
https://www.thegazette.co.uk/id/notice/3051584, https://www.thegazette.co.uk/def/insolvency#PetitionsToWindUpCompaniesNotice,2450,2018-06-22T00:12:42,05769391,LODGE PARK COMMERCIAL DEVELOPMENTS LIMITED
https://www.thegazette.co.uk/id/notice/3363169, https://www.thegazette.co.uk/def/insolvency#DismissalOfWindingUpPetitionNotice,2461,2019-08-08T15:30:09,05848066,NEW WORLD (NEC) LIMITED
https://www.thegazette.co.uk/id/notice/3363169, https://www.thegazette.co.uk/def/insolvency#DismissalOfWindingUpPetitionNotice,2461,2019-08-08T15:30:09,05848066,NEW WORLD (NEC) LIMITED
https://www.thegazette.co.uk/id/notice/3308553, https://www.thegazette.co.uk/def/insolvency#PetitionsToWindUpCompaniesNotice,2450,2019-06-18T15:50:06,05848066,NEW WORLD (NEC) LIMITED
https://www.thegazette.co.uk/id/notice/3308553, https://www.thegazette.co.uk/def/insolvency#PetitionsToWindUpCompaniesNotice,2450,2019-06-18T15:50:06,05848066,NEW WORLD (NEC) LIMITED
https://www.thegazette.co.uk/id/notice/3278492, https://www.thegazette.co.uk/def/insolvency#PetitionsToWindUpCompaniesNotice,2450,2019-05-15T10:50:03,05848066,NEW WORLD (NEC) LIMITED
https://www.thegazette.co.uk/id/notice/3278492, https://www.thegazette.co.uk/def/insolvency#PetitionsToWindUpCompaniesNotice,2450,2019-05-15T10:50:03,05848066,NEW WORLD (NEC) LIMITED
https://www.thegazette.co.uk/id/notice/3273554, https://www.thegazette.co.uk/def/insolvency#PetitionsToWindUpCompaniesNotice,2450,2019-05-10T00:15:58,05848066,NEW WORLD (NEC) LIMITED
https://www.thegazette.co.uk/id/notice/3273554, https://www.thegazette.co.uk/def/insolvency#PetitionsToWindUpCompaniesNotice,2450,2019-05-10T00:15:58,05848066,NEW WORLD (NEC) LIMITED
https://www.thegazette.co.uk/id/notice/3123049, https://www.thegazette.co.uk/def/insolvency#PetitionsToWindUpCompaniesNotice,2450,2018-10-04T09:50:32,05848066,NEW WORLD (NEC) LIMITED
https://www.thegazette.co.uk/id/notice/3123049, https://www.thegazette.co.uk/def/insolvency#PetitionsToWindUpCompaniesNotice,2450,2018-10-04T09:50:32,05848066,NEW WORLD (NEC) LIMITED
https://www.thegazette.co.uk/id/notice/3017741, https://www.thegazette.co.uk/def/insolvency#WindingUpOrdersNotice,2452,2018-05-01T12:54:28,06607841,CULTURAL COMMUNITY SOLUTIONS LIMITED
https://www.thegazette.co.uk/id/notice/3007225, https://www.thegazette.co.uk/def/insolvency#PetitionsToWindUpCompaniesNotice,2450,2018-04-12T12:01:17,06607841,CULTURAL COMMUNITY SOLUTIONS LIMITED
https://www.thegazette.co.uk/id/notice/3086757, https://www.thegazette.co.uk/def/insolvency#WindingUpOrdersNotice,2452,2018-08-15T10:22:20,08404799,CARILLION-BREATHE LIMITED
https://www.thegazette.co.uk/id/notice/3086757, https://www.thegazette.co.uk/def/insolvency#WindingUpOrdersNotice,2452,2018-08-15T10:22:20,08404799,CARILLION-BREATHE LIMITED
https://www.thegazette.co.uk/id/notice/3065189, https://www.thegazette.co.uk/def/insolvency#PetitionsToWindUpCompaniesNotice,2450,2018-07-10T18:00:13,08404799,CARILLION-BREATHE LIMITED
https://www.thegazette.co.uk/id/notice/3065189, https://www.thegazette.co.uk/def/insolvency#PetitionsToWindUpCompaniesNotice,2450,2018-07-10T18:00:13,08404799,CARILLION-BREATHE LIMITED
https://www.thegazette.co.uk/id/notice/3136123, https://www.thegazette.co.uk/def/insolvency#WindingUpOrdersNotice,2452,2018-10-23T11:51:23,08684413,CARILLION PRIVATE FINANCE (HEALTH) 2013 LIMITED
https://www.thegazette.co.uk/id/notice/3120882, https://www.thegazette.co.uk/def/insolvency#PetitionsToWindUpCompaniesNotice,2450,2018-10-01T13:30:50,08684413,CARILLION PRIVATE FINANCE (HEALTH) 2013 LIMITED
https://www.thegazette.co.uk/id/notice/3260201, https://www.thegazette.co.uk/def/insolvency#MembersNoticeToCreditors,2433,2019-04-23T01:07:33,08884783,CARILLION POWERLINES LIMITED
https://www.thegazette.co.uk/id/notice/3260194, https://www.thegazette.co.uk/def/insolvency#MembersAppointmentOfLiquidatorsNotice,2432,2019-04-23T01:07:03,08884783,CARILLION POWERLINES LIMITED
https://www.thegazette.co.uk/id/notice/3260138, https://www.thegazette.co.uk/def/insolvency#MembersResolutionsForWindingUpNotice,2431,2019-04-23T01:02:53,08884783,CARILLION POWERLINES LIMITED
https://www.thegazette.co.uk/id/notice/3158283, https://www.thegazette.co.uk/def/insolvency#AppointmentOfAdministrativeReceiversNotice,2421,2018-11-26T01:01:29,09598377,PSBP MIDLANDS LIMITED
https://www.thegazette.co.uk/id/notice/3158286, https://www.thegazette.co.uk/def/insolvency#AppointmentOfAdministrativeReceiversNotice,2421,2018-11-26T01:01:47,09598495,PSBP MIDLANDS (DEBTCO) LIMITED
https://www.thegazette.co.uk/id/notice/3158287, https://www.thegazette.co.uk/def/insolvency#AppointmentOfAdministrativeReceiversNotice,2421,2018-11-26T01:01:54,09598536,PSBP MIDLANDS (HOLDINGS) LIMITED
https://www.thegazette.co.uk/id/notice/3171775, https://www.thegazette.co.uk/def/insolvency#WindingUpOrdersNotice,2452,2018-12-18T10:26:43,09684392,CARILLION PRIVATE FINANCE (EDUCATION) 2015 LIMITED
https://www.thegazette.co.uk/id/notice/3136133, https://www.thegazette.co.uk/def/insolvency#WindingUpOrdersNotice,2452,2018-10-23T11:52:13,09822736,CARILLION PRIVATE FINANCE (HEALTH) 2015 LIMITED
https://www.thegazette.co.uk/id/notice/3120881, https://www.thegazette.co.uk/def/insolvency#PetitionsToWindUpCompaniesNotice,2450,2018-10-01T13:30:43,09822736,CARILLION PRIVATE FINANCE (HEALTH) 2015 LIMITED
https://www.thegazette.co.uk/id/notice/3189202, https://www.thegazette.co.uk/def/insolvency#WindingUpOrdersNotice,2452,2019-01-18T08:30:32,09822818,THE HOSPITAL COMPANY (SANDWELL) LIMITED
https://www.thegazette.co.uk/id/notice/3159647, https://www.thegazette.co.uk/def/insolvency#PetitionsToWindUpCompaniesNotice,2450,2018-11-27T12:10:57,09822818,THE HOSPITAL COMPANY (SANDWELL) LIMITED
https://www.thegazette.co.uk/id/notice/3189217, https://www.thegazette.co.uk/def/insolvency#WindingUpOrdersNotice,2452,2019-01-18T08:32:11,09822833,THE HOSPITAL COMPANY (SANDWELL) HOLDINGS LIMITED
https://www.thegazette.co.uk/id/notice/3159635, https://www.thegazette.co.uk/def/insolvency#PetitionsToWindUpCompaniesNotice,2450,2018-11-27T12:09:15,09822833,THE HOSPITAL COMPANY (SANDWELL) HOLDINGS LIMITED
https://www.thegazette.co.uk/id/notice/3171770, https://www.thegazette.co.uk/def/insolvency#WindingUpOrdersNotice,2452,2018-12-18T10:26:06,09961994,CARILLION PRIVATE FINANCE (EDUCATION) 2016 LIMITED
https://www.thegazette.co.uk/id/notice/3171770, https://www.thegazette.co.uk/def/insolvency#WindingUpOrdersNotice,2452,2018-12-18T10:26:06,09961994,CARILLION PRIVATE FINANCE (EDUCATION) 2016 LIMITED
https://www.thegazette.co.uk/id/notice/3150797, https://www.thegazette.co.uk/def/insolvency#PetitionsToWindUpCompaniesNotice,2450,2018-11-13T12:14:50,09961994,CARILLION PRIVATE FINANCE (EDUCATION) 2016 LIMITED
https://www.thegazette.co.uk/id/notice/3150797, https://www.thegazette.co.uk/def/insolvency#PetitionsToWindUpCompaniesNotice,2450,2018-11-13T12:14:50,09961994,CARILLION PRIVATE FINANCE (EDUCATION) 2016 LIMITED
https://www.thegazette.co.uk/id/notice/3061726, https://www.thegazette.co.uk/def/insolvency#WindingUpOrdersNotice,2452,2018-07-10T08:32:29,10546542,CARILLION RESOURCING LIMITED
https://www.thegazette.co.uk/id/notice/3044714, https://www.thegazette.co.uk/def/insolvency#PetitionsToWindUpCompaniesNotice,2450,2018-06-08T12:40:03,10546542,CARILLION RESOURCING LIMITED
https://www.thegazette.co.uk/id/notice/3017717, https://www.thegazette.co.uk/def/insolvency#WindingUpOrdersNotice,2452,2018-05-01T12:52:10,10556292,CARILLION ADVICE SERVICES LIMITED
https://www.thegazette.co.uk/id/notice/3017717, https://www.thegazette.co.uk/def/insolvency#WindingUpOrdersNotice,2452,2018-05-01T12:52:10,10556292,CARILLION ADVICE SERVICES LIMITED
https://www.thegazette.co.uk/id/notice/3007226, https://www.thegazette.co.uk/def/insolvency#PetitionsToWindUpCompaniesNotice,2450,2018-04-12T12:01:22,10556292,CARILLION ADVICE SERVICES LIMITED
https://www.thegazette.co.uk/id/notice/3007226, https://www.thegazette.co.uk/def/insolvency#PetitionsToWindUpCompaniesNotice,2450,2018-04-12T12:01:22,10556292,CARILLION ADVICE SERVICES LIMITED
https://www.thegazette.co.uk/id/notice/5204952, https://www.thegazette.co.uk/def/insolvency#CreditorsFinalMeetingsNotice,2445,2026-09-04T12:01:36,NI016109,HEAT ENERGY AND ASSOCIATED TECHNOLOGY LIMITED
https://www.thegazette.co.uk/id/notice/5204952, https://www.thegazette.co.uk/def/insolvency#CreditorsFinalMeetingsNotice,2445,2026-09-04T12:01:36,NI016109,HEAT ENERGY AND ASSOCIATED TECHNOLOGY LIMITED
https://www.thegazette.co.uk/id/notice/5204952, https://www.thegazette.co.uk/def/insolvency#CreditorsFinalMeetingsNotice,2445,2026-09-04T12:01:36,NI016109,HEAT ENERGY & ASSOCIATED TECHNOLOGY LIMITED
https://www.thegazette.co.uk/id/notice/5060171, https://www.thegazette.co.uk/def/insolvency#NoticeOfDividends,2407,2026-02-20T12:05:57,NI016109,HEAT ENERGY & ASSOCIATED TECHNOLOGY LIMITED
https://www.thegazette.co.uk/id/notice/5060171, https://www.thegazette.co.uk/def/insolvency#NoticeOfDividends,2407,2026-02-20T12:05:57,NI016109,HEAT ENERGY AND ASSOCIATED TECHNOLOGY LIMITED
https://www.thegazette.co.uk/id/notice/5060171, https://www.thegazette.co.uk/def/insolvency#NoticeOfDividends,2407,2026-02-20T12:05:57,NI016109,HEAT ENERGY AND ASSOCIATED TECHNOLOGY LIMITED
https://www.thegazette.co.uk/id/notice/3117563, https://www.thegazette.co.uk/def/insolvency#CreditorsResolutionsForWindingUpNotice,2441,2018-09-26T18:02:23,NI016109,HEAT ENERGY & ASSOCIATED TECHNOLOGY LIMITED
https://www.thegazette.co.uk/id/notice/3117563, https://www.thegazette.co.uk/def/insolvency#CreditorsResolutionsForWindingUpNotice,2441,2018-09-26T18:02:23,NI016109,HEAT ENERGY AND ASSOCIATED TECHNOLOGY LIMITED
https://www.thegazette.co.uk/id/notice/3117563, https://www.thegazette.co.uk/def/insolvency#CreditorsResolutionsForWindingUpNotice,2441,2018-09-26T18:02:23,NI016109,HEAT ENERGY AND ASSOCIATED TECHNOLOGY LIMITED
https://www.thegazette.co.uk/id/notice/3117562, https://www.thegazette.co.uk/def/insolvency#CreditorsAppointmentOfLiquidatorsNotice,2443,2018-09-26T18:02:19,NI016109,HEAT ENERGY AND ASSOCIATED TECHNOLOGY LIMITED
https://www.thegazette.co.uk/id/notice/3117562, https://www.thegazette.co.uk/def/insolvency#CreditorsAppointmentOfLiquidatorsNotice,2443,2018-09-26T18:02:19,NI016109,HEAT ENERGY & ASSOCIATED TECHNOLOGY LIMITED
https://www.thegazette.co.uk/id/notice/3117562, https://www.thegazette.co.uk/def/insolvency#CreditorsAppointmentOfLiquidatorsNotice,2443,2018-09-26T18:02:19,NI016109,HEAT ENERGY AND ASSOCIATED TECHNOLOGY LIMITED
https://www.thegazette.co.uk/id/notice/3104622, https://www.thegazette.co.uk/def/insolvency#CreditorsMeetingsOfCreditorsNotice,2442,2018-09-07T17:11:15,NI016109,HEAT ENERGY & ASSOCIATED TECHNOLOGY LIMITED
https://www.thegazette.co.uk/id/notice/3104622, https://www.thegazette.co.uk/def/insolvency#CreditorsMeetingsOfCreditorsNotice,2442,2018-09-07T17:11:15,NI016109,HEAT ENERGY AND ASSOCIATED TECHNOLOGY LIMITED
https://www.thegazette.co.uk/id/notice/3104622, https://www.thegazette.co.uk/def/insolvency#CreditorsMeetingsOfCreditorsNotice,2442,2018-09-07T17:11:15,NI016109,HEAT ENERGY AND ASSOCIATED TECHNOLOGY LIMITED
https://www.thegazette.co.uk/id/notice/5204952, https://www.thegazette.co.uk/def/insolvency#CreditorsFinalMeetingsNotice,2445,2026-09-04T12:01:36,NI016109,HEAT ENERGY AND ASSOCIATED TECHNOLOGY LIMITED
https://www.thegazette.co.uk/id/notice/5204952, https://www.thegazette.co.uk/def/insolvency#CreditorsFinalMeetingsNotice,2445,2026-09-04T12:01:36,NI016109,HEAT ENERGY AND ASSOCIATED TECHNOLOGY LIMITED
https://www.thegazette.co.uk/id/notice/5204952, https://www.thegazette.co.uk/def/insolvency#CreditorsFinalMeetingsNotice,2445,2026-09-04T12:01:36,NI016109,HEAT ENERGY & ASSOCIATED TECHNOLOGY LIMITED
https://www.thegazette.co.uk/id/notice/5060171, https://www.thegazette.co.uk/def/insolvency#NoticeOfDividends,2407,2026-02-20T12:05:57,NI016109,HEAT ENERGY & ASSOCIATED TECHNOLOGY LIMITED
https://www.thegazette.co.uk/id/notice/5060171, https://www.thegazette.co.uk/def/insolvency#NoticeOfDividends,2407,2026-02-20T12:05:57,NI016109,HEAT ENERGY AND ASSOCIATED TECHNOLOGY LIMITED
https://www.thegazette.co.uk/id/notice/5060171, https://www.thegazette.co.uk/def/insolvency#NoticeOfDividends,2407,2026-02-20T12:05:57,NI016109,HEAT ENERGY AND ASSOCIATED TECHNOLOGY LIMITED
https://www.thegazette.co.uk/id/notice/3117563, https://www.thegazette.co.uk/def/insolvency#CreditorsResolutionsForWindingUpNotice,2441,2018-09-26T18:02:23,NI016109,HEAT ENERGY & ASSOCIATED TECHNOLOGY LIMITED
https://www.thegazette.co.uk/id/notice/3117563, https://www.thegazette.co.uk/def/insolvency#CreditorsResolutionsForWindingUpNotice,2441,2018-09-26T18:02:23,NI016109,HEAT ENERGY AND ASSOCIATED TECHNOLOGY LIMITED
https://www.thegazette.co.uk/id/notice/3117563, https://www.thegazette.co.uk/def/insolvency#CreditorsResolutionsForWindingUpNotice,2441,2018-09-26T18:02:23,NI016109,HEAT ENERGY AND ASSOCIATED TECHNOLOGY LIMITED
https://www.thegazette.co.uk/id/notice/3117562, https://www.thegazette.co.uk/def/insolvency#CreditorsAppointmentOfLiquidatorsNotice,2443,2018-09-26T18:02:19,NI016109,HEAT ENERGY AND ASSOCIATED TECHNOLOGY LIMITED
https://www.thegazette.co.uk/id/notice/3117562, https://www.thegazette.co.uk/def/insolvency#CreditorsAppointmentOfLiquidatorsNotice,2443,2018-09-26T18:02:19,NI016109,HEAT ENERGY & ASSOCIATED TECHNOLOGY LIMITED
https://www.thegazette.co.uk/id/notice/3117562, https://www.thegazette.co.uk/def/insolvency#CreditorsAppointmentOfLiquidatorsNotice,2443,2018-09-26T18:02:19,NI016109,HEAT ENERGY AND ASSOCIATED TECHNOLOGY LIMITED
https://www.thegazette.co.uk/id/notice/3104622, https://www.thegazette.co.uk/def/insolvency#CreditorsMeetingsOfCreditorsNotice,2442,2018-09-07T17:11:15,NI016109,HEAT ENERGY & ASSOCIATED TECHNOLOGY LIMITED
https://www.thegazette.co.uk/id/notice/3104622, https://www.thegazette.co.uk/def/insolvency#CreditorsMeetingsOfCreditorsNotice,2442,2018-09-07T17:11:15,NI016109,HEAT ENERGY AND ASSOCIATED TECHNOLOGY LIMITED
https://www.thegazette.co.uk/id/notice/3104622, https://www.thegazette.co.uk/def/insolvency#CreditorsMeetingsOfCreditorsNotice,2442,2018-09-07T17:11:15,NI016109,HEAT ENERGY AND ASSOCIATED TECHNOLOGY LIMITED
https://www.thegazette.co.uk/id/notice/3116517, https://www.thegazette.co.uk/def/insolvency#WindingUpOrdersNotice,2452,2018-09-27T09:55:50,OC307955,SA 1 DEVELOPMENTS LLP
https://www.thegazette.co.uk/id/notice/3116517, https://www.thegazette.co.uk/def/insolvency#WindingUpOrdersNotice,2452,2018-09-27T09:55:50,OC307955,SA 1 DEVELOPMENTS LLP
https://www.thegazette.co.uk/id/notice/3087799, https://www.thegazette.co.uk/def/insolvency#PetitionsToWindUpCompaniesNotice,2450,2018-08-14T12:08:47,OC307955,SA 1 DEVELOPMENTS LLP
https://www.thegazette.co.uk/id/notice/3087799, https://www.thegazette.co.uk/def/insolvency#PetitionsToWindUpCompaniesNotice,2450,2018-08-14T12:08:47,OC307955,SA 1 DEVELOPMENTS LLP
https://www.thegazette.co.uk/id/notice/3031874, https://www.thegazette.co.uk/def/insolvency#CourtMeetingsOfCreditorsNotice,2455,2018-05-21T17:34:38,SC020258,CARILLION (AMBS) LIMITED
https://www.thegazette.co.uk/id/notice/3031874, https://www.thegazette.co.uk/def/insolvency#CourtMeetingsOfCreditorsNotice,2455,2018-05-21T17:34:38,SC020258,CARILLION (AMBS) LIMITED
https://www.thegazette.co.uk/id/notice/3031873, https://www.thegazette.co.uk/def/insolvency#CourtMeetingsOfCreditorsNotice,2455,2018-05-21T17:34:34,SC020258,CARILLION (AMBS) LIMITED
https://www.thegazette.co.uk/id/notice/3031873, https://www.thegazette.co.uk/def/insolvency#CourtMeetingsOfCreditorsNotice,2455,2018-05-21T17:34:34,SC020258,CARILLION (AMBS) LIMITED
https://www.thegazette.co.uk/id/notice/2961682, https://www.thegazette.co.uk/def/insolvency#PetitionsToWindUpCompaniesNotice,2450,2018-02-02T15:30:46,SC020258,CARILLION (AMBS) LIMITED
https://www.thegazette.co.uk/id/notice/2961682, https://www.thegazette.co.uk/def/insolvency#PetitionsToWindUpCompaniesNotice,2450,2018-02-02T15:30:46,SC020258,CARILLION (AMBS) LIMITED
https://www.thegazette.co.uk/id/notice/3031874, https://www.thegazette.co.uk/def/insolvency#CourtMeetingsOfCreditorsNotice,2455,2018-05-21T17:34:38,SC020258,CARILLION (AMBS) LIMITED
https://www.thegazette.co.uk/id/notice/3031874, https://www.thegazette.co.uk/def/insolvency#CourtMeetingsOfCreditorsNotice,2455,2018-05-21T17:34:38,SC020258,CARILLION (AMBS) LIMITED
https://www.thegazette.co.uk/id/notice/3031873, https://www.thegazette.co.uk/def/insolvency#CourtMeetingsOfCreditorsNotice,2455,2018-05-21T17:34:34,SC020258,CARILLION (AMBS) LIMITED
https://www.thegazette.co.uk/id/notice/3031873, https://www.thegazette.co.uk/def/insolvency#CourtMeetingsOfCreditorsNotice,2455,2018-05-21T17:34:34,SC020258,CARILLION (AMBS) LIMITED
https://www.thegazette.co.uk/id/notice/2961682, https://www.thegazette.co.uk/def/insolvency#PetitionsToWindUpCompaniesNotice,2450,2018-02-02T15:30:46,SC020258,CARILLION (AMBS) LIMITED
https://www.thegazette.co.uk/id/notice/2961682, https://www.thegazette.co.uk/def/insolvency#PetitionsToWindUpCompaniesNotice,2450,2018-02-02T15:30:46,SC020258,CARILLION (AMBS) LIMITED
https://www.thegazette.co.uk/id/notice/3099878, https://www.thegazette.co.uk/def/insolvency#CourtAppointmentOfLiquidatorsNotice,2454,2018-08-31T17:42:08,SC203910,CARILLION (AMBS) HOLDINGS LIMITED