company_number,company_name
08649413,INSPIREDSPACES WOLVERHAMPTON (PROJECTCO2) LIMITED
08686441,INSPIREDSPACES WOLVERHAMPTON (HOLDINGS2) LIMITED
00531085,PME TECHNICAL SERVICES LIMITED
00566465,DUDLEY BOWER GROUP PLC
06844166,INSPIREDSPACES DURHAM LIMITED
06844186,INSPIREDSPACES DURHAM (PSP1) LIMITED
00077628,CARILLION JM LIMITED
OC402031,MGH CARD LLP
09799665,MGH PARTNER COMPANY LIMITED
OC402027,THE ARLINGTON RICHARDSON DEVELOPMENT PARTNERSHIP LLP
OC412000,ASK PATRIZIA (GQ) LLP
08084031,ASK REAL ESTATE LIMITED
09693421,ARE HAMILTON LIMITED
00594581,CARILLION CONSTRUCTION LIMITED
05543634,NEW WORLD BARNSLEY LIMITED
01685693,CARILLION AM DEVELOPMENTS LIMITED
07017401,INSPIREDSPACES ROCHDALE (PSP2) LIMITED
08113991,AMBER LEP INVESTMENTS LIMITED
01123611,WALTER LAWRENCE DEVELOPMENTS LIMITED
01808326,AM NOMINEES LIMITED
02519780,TBV POWER LIMITED
08121731,INSPIREDSPACES NOTTINGHAM (PSP3) LIMITED
02997859,CARILLION PRIVATE FINANCE LIMITED
02630590,CARILLION REGENERATION LIMITED
03782379,CARILLION PLC
08987222,ASK REAL ESTATE (EMBANKMENT) LIMITED
05052745,WARD STREET DEVELOPMENTS LIMITED
03485972,WYSEPROPERTY
07966837,MURPHY OHL LIMITED
03783019,CARILLION HOLDINGS LIMITED
SC102827,CARILLION ENERGY SERVICES SCOTLAND LIMITED
03858865,CARILLION ENERGY SERVICES LIMITED
OC437891,PATTERN SHOP LLP
07211684,PFP-IGLOO (GENERAL PARTNER) LIMITED
OC432564,FOUNDERS PLACE LLP
05428762,AMEY DEFENCE SERVICES LIMITED
01367044,CARILLION (AM) LIMITED
05428732,AMEY DEFENCE SERVICES (HOUSING) LIMITED
14652635,DUNDASHILL 4A LIMITED
14419831,PFP-IGLOO DEVELOPMENTS LIMITED
05477550,NEW WORLD CREWE LIMITED
00247624,CARILLION CAPITAL PROJECTS LIMITED
03392601,MOWLEM ENVIRONMENTAL SCIENCES GROUP LIMITED
08113900,INSPIREDSPACES ROCHDALE (HOLDINGS2) LIMITED
08114163,INSPIREDSPACES ROCHDALE (PSP3) LIMITED
08705990,CRR PARTNERSHIP LIMITED
03787277,CARILLION NOMINEES LIMITED
02646690,SCHAL INTERNATIONAL MANAGEMENT LIMITED
SC489636,ABERDEEN ROADS LIMITED
SC489526,ABERDEEN ROADS HOLDINGS LIMITED
05753751,CARILLION PRIVATE FINANCE (TRANSPORT) LIMITED
02294384,CARILLION SWINDON LIMITED
07154960,INSPIREDSPACES WOLVERHAMPTON LIMITED
07155049,INSPIREDSPACES WOLVERHAMPTON (PSP1) LIMITED
15626975,PFP-IGLOO FRUITMARKET LIMITED
00398443,CARILLION MENA LIMITED
02404092,BUILDING ENVIRONMENTAL HYGIENE LIMITED
00737307,PLANNED MAINTENANCE ENGINEERING LIMITED
01141203,EASTBOURNE HARBOUR COMPANY LIMITED
02217605,SOVEREIGN HARBOUR LIMITED
00369692,HALL & TAWSE NORTHERN LIMITED
00883233,CARILLION CONSTRUCTION (WEST INDIES) LIMITED
00349002,CARILLION INSURANCE ADVISERS LIMITED
08649446,INSPIREDSPACES WOLVERHAMPTON (PSP3) LIMITED
15601094,VIADUX BLOCK 2 MANAGEMENT COMPANY LIMITED
10027959,SALBOY CENTRAL LIMITED
03523664,FORMSOLE LIMITED
03783015,CEDAR 2019 LIMITED
06137874,BROOKLANDS COURT (KETTERING) MANAGEMENT LIMITED
05769391,LODGE PARK COMMERCIAL DEVELOPMENTS LIMITED
00404120,J.F. MILLER PROPERTIES LIMITED
00303453,CARILLION REGIONAL CONSTRUCTION LIMITED
SC489591,ABERDEEN ROADS (FINANCE) PLC
12752167,STEENBERG’S YARD MANAGEMENT COMPANY LIMITED
00159414,CARILLION HI-TECH LIMITED
06436101,INSPIREDSPACES STAG LIMITED
06436121,INSPIREDSPACES STAG (PSP1) LIMITED
OC394705,SIGLION DEVELOPMENTS LLP
01469541,CEDAR (MAPLE OAK) LTD
08751752,THE HOSPITAL COMPANY (LIVERPOOL) HOLDINGS LIMITED
08684413,CARILLION PRIVATE FINANCE (HEALTH) 2013 LIMITED
09822833,THE HOSPITAL COMPANY (SANDWELL) HOLDINGS LIMITED
09822736,CARILLION PRIVATE FINANCE (HEALTH) 2015 LIMITED
05769525,WARMSURE LIMITED
01273373,WALTER LAWRENCE HOMES CHILTERNS LIMITED
05848066,NEW WORLD (NEC) LIMITED
02489314,CHURCHWARD PLC
03256112,CARILLION (DENMARK) LIMITED
00662675,MARCHWIEL PROPERTIES LIMITED
00885404,CARILLION AM GOVERNMENT LIMITED
09684392,CARILLION PRIVATE FINANCE (EDUCATION) 2015 LIMITED
01052014,R.G. FRANCIS LIMITED
01686252,CARILLION HOME SERVICES LIMITED
05554245,WATTBIKE LIMITED
07410965,WATTBIKE (HOLDINGS) LIMITED
02995513,G T RAILWAY MAINTENANCE LIMITED
03126198,G T RAILWAY MAINTENANCE HOLDINGS LIMITED
04135060,SOVEREIGN HARBOUR WATERFRONT HOLDINGS LIMITED
02574820,TPS CONSULT LIMITED
06190456,CARILLION WYSE HOLDINGS LIMITED
07411085,WATTBIKE IP LIMITED
OC307955,SA 1 DEVELOPMENTS LLP
00416147,RAINE LIMITED
09598495,PSBP MIDLANDS (DEBTCO) LIMITED
09598536,PSBP MIDLANDS (HOLDINGS) LIMITED
02191494,A.F.R. LIMITED
OC448240,MILBURNGATE PHASE 2 LLP
12698832,ASK TYNESIDE LIMITED
02556935,CARILLION CONSTRUCTION (NOMINEES) LIMITED
02995364,CENTRAC LIMITED
NI040904,EAGA NI LIMITED
13883126,ASK PARTNERSHIPS LIMITED
03783014,CARILLION QUEST TRUSTEE LIMITED
03902730,PME PARTNERSHIPS LIMITED
01270381,CARILLION CONSTRUCTION OVERSEAS LIMITED
08018007,INFRASIG LIMITED
02023634,E.J. HORROCKS LIMITED
11148036,AVRENIM FACILITIES MANAGEMENT LIMITED
08747138,THE HOSPITAL COMPANY (LIVERPOOL) LIMITED
02062284,WALTER LAWRENCE HOUSING INVESTMENTS LIMITED
00199835,00199835 LIMITED
03902700,CARILLION AQUMEN MANAGEMENT SERVICES LIMITED
03011791,CARILLION SERVICES LIMITED
00680231,SOVEREIGN CONSULTANCY SERVICES LIMITED
07017305,INSPIREDSPACES ROCHDALE (PSP1) LIMITED
08137485,PFP-IGLOO NOMINEES LIMITED
SC023190,MOWLEM SCOTLAND LIMITED
00881324,CARILLION SUPPORT SERVICES & INVESTMENTS LIMITED
01294261,ERNEST IRELAND CONSTRUCTION LIMITED
10546542,CARILLION RESOURCING LIMITED
06404751,ASK (EXCHANGE EAST) LIMITED
01122105,STIELL FACILITIES LIMITED
02574792,CARILLION SPECIALIST SERVICES LIMITED
10556292,CARILLION ADVICE SERVICES LIMITED
05325813,CLINICENTA LIMITED
07033153,THE COOKWARE COMPANY UK & IRELAND LIMITED
06404740,ASK (EXCHANGE EAST) DEVELOPMENTS LIMITED
06440415,OAKLANDS OFFICE PARK (MANAGEMENT) LIMITED
05308544,CEDAR ANCHORWOOD LIMITED
04979205,SOVEREIGN HARBOUR WATERFRONT LIMITED
01180475,CARILLION TECHNICAL SERVICES (INSTALLATION) LIMITED
01449086,ALFRED MCALPINE INTERNATIONAL LIMITED
SC083991,STIELL INFRAMAN LIMITED
SC020258,CARILLION (AMBS) LIMITED
11581591,POTTERS HILL MANAGEMENT COMPANY LIMITED
SC203910,CARILLION (AMBS) HOLDINGS LIMITED
10551384,THE ACORNS RESIDENTS MANAGEMENT COMPANY LIMITED
10633160,ARAMARK DEFENCE SERVICES LIMITED
01577583,W A INVESTMENTS LIMITED
05754891,EAGA HEATING LIMITED
14591257,FOUNDERS PLACE (NEWCASTLE) MANAGEMENT COMPANY LTD
14840096,ASK PELOTON LIMITED
SC014842,GLASGOW STOCKHOLDERS TRUST LIMITED
11059403,OASIS ONE HUNDRED (DEVELOPMENTS) LIMITED
OC392861,ASK EMBANKMENT 100 LLP
10757831,CARILLION TRAINING LIMITED
09008001,ASK REAL ESTATE (INVESTMENTS) LIMITED
03130297,CARILLION MANAGED SERVICES LIMITED
04322876,CARILLION PROPERTY SERVICES LIMITED
02112970,WAKEREMOTE LIMITED
04435931,CEDAR THANET PHASE 2 LIMITED
01528870,ALFRED MCALPINE PENSION TRUSTEES LIMITED
02319285,WINNER DEVELOPMENTS LIMITED
05704254,CARILLION (ASPIRE SERVICES) LIMITED
05704064,CARILLION (ASPIRE SERVICES) HOLDINGS LIMITED
05704135,CARILLION (ASPIRE CONSTRUCTION) LIMITED
05704083,CARILLION (ASPIRE CONSTRUCTION) HOLDINGS LIMITED
01521006,CARILLION UTILITY SERVICES GROUP LIMITED
05704172,CARILLION (ASPIRE SERVICES) HOLDINGS NO.2 LIMITED
OC394707,SIGLION INVESTMENTS LLP
05501004,PME PENSION TRUSTEE (DC) LIMITED
04364773,ACM HEALTH SOLUTIONS LIMITED
09598377,PSBP MIDLANDS LIMITED
00775010,THE CARILLION CONSTRUCTION COMPANY (EAST AFRICA) LIMITED
01417540,CARILLION PROJECT INVESTMENTS LIMITED
04556471,ASPIRE DEFENCE SERVICES LIMITED
06607841,CULTURAL COMMUNITY SOLUTIONS LIMITED
03679838,CARILLION INTEGRATED SERVICES LIMITED
04448876,EAGA ENERGY SOLUTIONS LIMITED
14185594,SALBOY CENTRAL COMMERCIAL LIMITED
15601092,VIADUX ESTATE MANAGEMENT COMPANY LIMITED
02684154,CARILLION SERVICES 2006 LIMITED
06404734,AFFINITY LIVING EMBANKMENT WEST LIMITED
09961994,CARILLION PRIVATE FINANCE (EDUCATION) 2016 LIMITED
05704108,CARILLION (ASPIRE CONSTRUCTION) HOLDINGS  NO.2 LIMITED
08884783,CARILLION POWERLINES LIMITED
00156617,CARILLION CONSTRUCTION (CONTRACTS) LIMITED
02990586,AVERY HILL DEVELOPMENTS HOLDINGS LIMITED
00551186,CARILLION (SINGAPORE) LIMITED
00309997,STEPHENSON MAINTENANCE LIMITED
03105686,CARILLION GB LIMITED
08684467,CARILLION SOLAR 1 LIMITED
00537677,CARILLION FLEET MANAGEMENT LIMITED
02840336,EVERPRIME LIMITED
10660272,VAUX MANAGEMENT COMPANY LIMITED
07017267,INSPIREDSPACES ROCHDALE LIMITED
06506298,INSPIREDSPACES NOTTINGHAM (PSP1) LIMITED
06820088,CLINICENTA (HERTFORDSHIRE) LIMITED
04996458,CARILLION HEATING SERVICES LIMITED
09822818,THE HOSPITAL COMPANY (SANDWELL) LIMITED
06404738,AFFINITY LIVING EMBANKMENT WEST DEVELOPMENTS LIMITED
02811168,BARCLAY MOWLEM (ASIA) LIMITED
02355338,CARILLION UTILITY SERVICES S.E. LIMITED
05186128,NEW WORLD HAYDOCK LIMITED
01401298,MARCHWIEL INVESTMENTS LIMITED
01122808,CARILLION ASSET MANAGEMENT LIMITED
03232308,SOVEREIGN HOSPITAL SERVICES LIMITED
00961738,CARILLION PROJECT SERVICES HOLDINGS LIMITED
15634599,PFP-IGLOO VAUX SUNDERLAND LIMITED
02969358,EAGA SERVICES LIMITED
00326348,MCALPINE INFRASTRUCTURE SERVICES LIMITED
08114138,INSPIREDSPACES ROCHDALE (PROJECTCO2) LIMITED
01505628,ALFRED MCALPINE ASSET MANAGEMENT SERVICES LIMITED
05380578,NEW WORLD LEISURE LIMITED
OC449639,PARTNERSHIPS & PLACES LLP
06910378,THE MANAGEMENT COMPANY (CASTLEGATE PHASE 2) LIMITED
02987829,AVERY HILL DEVELOPMENTS LIMITED
01947809,JOHN MOWLEM CONSTRUCTION LIMITED
09164628,SIGLION NOMINEE LIMITED
07807709,ARLINGTON REAL ESTATE (DURHAM CITY) LIMITED
NI016109,"HEAT, ENERGY AND ASSOCIATED TECHNOLOGY LIMITED"
07251289,TOWN HOSPITALS LIMITED
02508579,POSTWORTH LIMITED
03198709,CARILLION LGS LIMITED
00728599,CARILLION UTILITY SERVICES LIMITED
06506329,INSPIREDSPACES NOTTINGHAM LIMITED
08404799,CARILLION-BREATHE LIMITED
06569859,INSPIREDSPACES TAMESIDE (PSP1) LIMITED
06569789,INSPIREDSPACES TAMESIDE LIMITED
05753809,CARILLION PRIVATE FINANCE (SECURE) LIMITED
01752119,INSPIREDSPACES LIMITED
02916489,CARILLION PROFESSIONAL SERVICES LIMITED
02063449,1ST INSULATION PARTNERS LIMITED
09147119,MALING STREET MANAGEMENT COMPANY LIMITED
05504709,CEDAR CWMBRAN LIMITED
14943318,PFP-IGLOO INVESTMENTS LTD
09203709,CARILLION DEVELOPMENTS LIMITED
05173289,CEDAR WORCESTER LIMITED
02836739,GEORGE HOWE LIMITED
11168919,FIRST STREET DEVELOPMENT LIMITED
11087173,ASK (FIRST STREET) LIMITED
11273459,CARILLION ALAWI UK LIMITED
11059419,ASK DEANSGATE LIMITED
04698269,CARILLION PENSION PLAN TRUSTEES LIMITED
13783043,FRUIT MARKET MANAGEMENT COMPANY LIMITED
16561390,SALBOY CENTRAL (SPV CO 1) LIMITED
OC458100,URBAN SPLASH & IGLOO DEVELOPMENTS LLP
16743191,PFP-HGP DEVCO 4 LIMITED
17030971,PFP-HGP DEVCO 6 LIMITED
17031189,PFP-HGP DEVCO 5 LIMITED
17392519,THE MAXIM RESIDENTS MANAGEMENT COMPANY LIMITED
17392602,THE MAXIM (BLOCK 1) RESIDENTS MANAGEMENT COMPANY LIMITED
17397197,THE MAXIM (BLOCK 2) RESIDENTS MANAGEMENT COMPANY LIMITED